degraded_path,gt_path,resolution_pair,source_id
data/raw/train/NoisyLR/000000.npy,data/raw/train/GT/000000.npy,128->256,cluster_0
data/raw/train/NoisyLR/000001.npy,data/raw/train/GT/000001.npy,128->256,cluster_0
data/raw/train/NoisyLR/000002.npy,data/raw/train/GT/000002.npy,128->256,cluster_0
data/raw/train/NoisyLR/000003.npy,data/raw/train/GT/000003.npy,128->256,cluster_0
data/raw/train/NoisyLR/000004.npy,data/raw/train/GT/000004.npy,128->256,cluster_0
data/raw/train/NoisyLR/000005.npy,data/raw/train/GT/000005.npy,128->256,cluster_0
data/raw/train/NoisyLR/000006.npy,data/raw/train/GT/000006.npy,128->256,cluster_0
data/raw/train/NoisyLR/000007.npy,data/raw/train/GT/000007.npy,128->256,cluster_0
data/raw/train/NoisyLR/000009.npy,data/raw/train/GT/000009.npy,128->256,cluster_2
data/raw/train/NoisyLR/000012.npy,data/raw/train/GT/000012.npy,128->256,cluster_0
data/raw/train/NoisyLR/000013.npy,data/raw/train/GT/000013.npy,128->256,cluster_1
data/raw/train/NoisyLR/000014.npy,data/raw/train/GT/000014.npy,128->256,cluster_1
data/raw/train/NoisyLR/000015.npy,data/raw/train/GT/000015.npy,128->256,cluster_1
data/raw/train/NoisyLR/000016.npy,data/raw/train/GT/000016.npy,128->256,cluster_1
data/raw/train/NoisyLR/000017.npy,data/raw/train/GT/000017.npy,128->256,cluster_1
data/raw/train/NoisyLR/000018.npy,data/raw/train/GT/000018.npy,128->256,cluster_1
data/raw/train/NoisyLR/000019.npy,data/raw/train/GT/000019.npy,128->256,cluster_1
data/raw/train/NoisyLR/000020.npy,data/raw/train/GT/000020.npy,128->256,cluster_1
data/raw/train/NoisyLR/000021.npy,data/raw/train/GT/000021.npy,128->256,cluster_0
data/raw/train/NoisyLR/000022.npy,data/raw/train/GT/000022.npy,128->256,cluster_0
data/raw/train/NoisyLR/000023.npy,data/raw/train/GT/000023.npy,128->256,cluster_0
data/raw/train/NoisyLR/000024.npy,data/raw/train/GT/000024.npy,128->256,cluster_2
data/raw/train/NoisyLR/000025.npy,data/raw/train/GT/000025.npy,128->256,cluster_0
data/raw/train/NoisyLR/000026.npy,data/raw/train/GT/000026.npy,128->256,cluster_0
data/raw/train/NoisyLR/000027.npy,data/raw/train/GT/000027.npy,128->256,cluster_0
data/raw/train/NoisyLR/000028.npy,data/raw/train/GT/000028.npy,128->256,cluster_1
data/raw/train/NoisyLR/000029.npy,data/raw/train/GT/000029.npy,128->256,cluster_1
data/raw/train/NoisyLR/000031.npy,data/raw/train/GT/000031.npy,128->256,cluster_1
data/raw/train/NoisyLR/000032.npy,data/raw/train/GT/000032.npy,128->256,cluster_2
data/raw/train/NoisyLR/000034.npy,data/raw/train/GT/000034.npy,128->256,cluster_2
data/raw/train/NoisyLR/000036.npy,data/raw/train/GT/000036.npy,128->256,cluster_0
data/raw/train/NoisyLR/000037.npy,data/raw/train/GT/000037.npy,128->256,cluster_1
data/raw/train/NoisyLR/000038.npy,data/raw/train/GT/000038.npy,128->256,cluster_1
data/raw/train/NoisyLR/000039.npy,data/raw/train/GT/000039.npy,128->256,cluster_1
data/raw/train/NoisyLR/000040.npy,data/raw/train/GT/000040.npy,128->256,cluster_1
data/raw/train/NoisyLR/000042.npy,data/raw/train/GT/000042.npy,128->256,cluster_2
data/raw/train/NoisyLR/000044.npy,data/raw/train/GT/000044.npy,128->256,cluster_2
data/raw/train/NoisyLR/000045.npy,data/raw/train/GT/000045.npy,128->256,cluster_1
data/raw/train/NoisyLR/000046.npy,data/raw/train/GT/000046.npy,128->256,cluster_2
data/raw/train/NoisyLR/000047.npy,data/raw/train/GT/000047.npy,128->256,cluster_1
data/raw/train/NoisyLR/000048.npy,data/raw/train/GT/000048.npy,128->256,cluster_0
data/raw/train/NoisyLR/000049.npy,data/raw/train/GT/000049.npy,128->256,cluster_1
data/raw/train/NoisyLR/000050.npy,data/raw/train/GT/000050.npy,128->256,cluster_1
data/raw/train/NoisyLR/000051.npy,data/raw/train/GT/000051.npy,128->256,cluster_1
data/raw/train/NoisyLR/000052.npy,data/raw/train/GT/000052.npy,128->256,cluster_1
data/raw/train/NoisyLR/000053.npy,data/raw/train/GT/000053.npy,128->256,cluster_2
data/raw/train/NoisyLR/000054.npy,data/raw/train/GT/000054.npy,128->256,cluster_2
data/raw/train/NoisyLR/000055.npy,data/raw/train/GT/000055.npy,128->256,cluster_0
data/raw/train/NoisyLR/000056.npy,data/raw/train/GT/000056.npy,128->256,cluster_2
data/raw/train/NoisyLR/000057.npy,data/raw/train/GT/000057.npy,128->256,cluster_1
data/raw/train/NoisyLR/000058.npy,data/raw/train/GT/000058.npy,128->256,cluster_1
data/raw/train/NoisyLR/000059.npy,data/raw/train/GT/000059.npy,128->256,cluster_1
data/raw/train/NoisyLR/000060.npy,data/raw/train/GT/000060.npy,128->256,cluster_2
data/raw/train/NoisyLR/000061.npy,data/raw/train/GT/000061.npy,128->256,cluster_1
data/raw/train/NoisyLR/000062.npy,data/raw/train/GT/000062.npy,128->256,cluster_0
data/raw/train/NoisyLR/000063.npy,data/raw/train/GT/000063.npy,128->256,cluster_1
data/raw/train/NoisyLR/000064.npy,data/raw/train/GT/000064.npy,128->256,cluster_2
data/raw/train/NoisyLR/000065.npy,data/raw/train/GT/000065.npy,128->256,cluster_0
data/raw/train/NoisyLR/000066.npy,data/raw/train/GT/000066.npy,128->256,cluster_0
data/raw/train/NoisyLR/000067.npy,data/raw/train/GT/000067.npy,128->256,cluster_2
data/raw/train/NoisyLR/000068.npy,data/raw/train/GT/000068.npy,128->256,cluster_2
data/raw/train/NoisyLR/000069.npy,data/raw/train/GT/000069.npy,128->256,cluster_0
data/raw/train/NoisyLR/000070.npy,data/raw/train/GT/000070.npy,128->256,cluster_0
data/raw/train/NoisyLR/000071.npy,data/raw/train/GT/000071.npy,128->256,cluster_0
data/raw/train/NoisyLR/000072.npy,data/raw/train/GT/000072.npy,128->256,cluster_2
data/raw/train/NoisyLR/000074.npy,data/raw/train/GT/000074.npy,128->256,cluster_2
data/raw/train/NoisyLR/000076.npy,data/raw/train/GT/000076.npy,128->256,cluster_0
data/raw/train/NoisyLR/000077.npy,data/raw/train/GT/000077.npy,128->256,cluster_0
data/raw/train/NoisyLR/000078.npy,data/raw/train/GT/000078.npy,128->256,cluster_0
data/raw/train/NoisyLR/000079.npy,data/raw/train/GT/000079.npy,128->256,cluster_0
data/raw/train/NoisyLR/000080.npy,data/raw/train/GT/000080.npy,128->256,cluster_1
data/raw/train/NoisyLR/000081.npy,data/raw/train/GT/000081.npy,128->256,cluster_0
data/raw/train/NoisyLR/000082.npy,data/raw/train/GT/000082.npy,128->256,cluster_0
data/raw/train/NoisyLR/000083.npy,data/raw/train/GT/000083.npy,128->256,cluster_0
data/raw/train/NoisyLR/000084.npy,data/raw/train/GT/000084.npy,128->256,cluster_0
data/raw/train/NoisyLR/000085.npy,data/raw/train/GT/000085.npy,128->256,cluster_2
data/raw/train/NoisyLR/000086.npy,data/raw/train/GT/000086.npy,128->256,cluster_2
data/raw/train/NoisyLR/000087.npy,data/raw/train/GT/000087.npy,128->256,cluster_2
data/raw/train/NoisyLR/000089.npy,data/raw/train/GT/000089.npy,128->256,cluster_1
data/raw/train/NoisyLR/000090.npy,data/raw/train/GT/000090.npy,128->256,cluster_1
data/raw/train/NoisyLR/000091.npy,data/raw/train/GT/000091.npy,128->256,cluster_1
data/raw/train/NoisyLR/000092.npy,data/raw/train/GT/000092.npy,128->256,cluster_0
data/raw/train/NoisyLR/000093.npy,data/raw/train/GT/000093.npy,128->256,cluster_0
data/raw/train/NoisyLR/000094.npy,data/raw/train/GT/000094.npy,128->256,cluster_0
data/raw/train/NoisyLR/000095.npy,data/raw/train/GT/000095.npy,128->256,cluster_0
data/raw/train/NoisyLR/000097.npy,data/raw/train/GT/000097.npy,128->256,cluster_0
data/raw/train/NoisyLR/000098.npy,data/raw/train/GT/000098.npy,128->256,cluster_0
data/raw/train/NoisyLR/000099.npy,data/raw/train/GT/000099.npy,128->256,cluster_0
data/raw/train/NoisyLR/000101.npy,data/raw/train/GT/000101.npy,128->256,cluster_1
data/raw/train/NoisyLR/000102.npy,data/raw/train/GT/000102.npy,128->256,cluster_1
data/raw/train/NoisyLR/000103.npy,data/raw/train/GT/000103.npy,128->256,cluster_1
data/raw/train/NoisyLR/000104.npy,data/raw/train/GT/000104.npy,128->256,cluster_2
data/raw/train/NoisyLR/000106.npy,data/raw/train/GT/000106.npy,128->256,cluster_0
data/raw/train/NoisyLR/000107.npy,data/raw/train/GT/000107.npy,128->256,cluster_2
data/raw/train/NoisyLR/000108.npy,data/raw/train/GT/000108.npy,128->256,cluster_2
data/raw/train/NoisyLR/000109.npy,data/raw/train/GT/000109.npy,128->256,cluster_2
data/raw/train/NoisyLR/000110.npy,data/raw/train/GT/000110.npy,128->256,cluster_0
data/raw/train/NoisyLR/000111.npy,data/raw/train/GT/000111.npy,128->256,cluster_0
data/raw/train/NoisyLR/000112.npy,data/raw/train/GT/000112.npy,128->256,cluster_0
data/raw/train/NoisyLR/000113.npy,data/raw/train/GT/000113.npy,128->256,cluster_1
data/raw/train/NoisyLR/000114.npy,data/raw/train/GT/000114.npy,128->256,cluster_1
data/raw/train/NoisyLR/000115.npy,data/raw/train/GT/000115.npy,128->256,cluster_1
data/raw/train/NoisyLR/000116.npy,data/raw/train/GT/000116.npy,128->256,cluster_1
data/raw/train/NoisyLR/000117.npy,data/raw/train/GT/000117.npy,128->256,cluster_0
data/raw/train/NoisyLR/000118.npy,data/raw/train/GT/000118.npy,128->256,cluster_0
data/raw/train/NoisyLR/000119.npy,data/raw/train/GT/000119.npy,128->256,cluster_0
data/raw/train/NoisyLR/000120.npy,data/raw/train/GT/000120.npy,128->256,cluster_2
data/raw/train/NoisyLR/000121.npy,data/raw/train/GT/000121.npy,128->256,cluster_0
data/raw/train/NoisyLR/000122.npy,data/raw/train/GT/000122.npy,128->256,cluster_2
data/raw/train/NoisyLR/000124.npy,data/raw/train/GT/000124.npy,128->256,cluster_2
data/raw/train/NoisyLR/000125.npy,data/raw/train/GT/000125.npy,128->256,cluster_2
data/raw/train/NoisyLR/000126.npy,data/raw/train/GT/000126.npy,128->256,cluster_2
data/raw/train/NoisyLR/000128.npy,data/raw/train/GT/000128.npy,128->256,cluster_1
data/raw/train/NoisyLR/000130.npy,data/raw/train/GT/000130.npy,128->256,cluster_2
data/raw/train/NoisyLR/000131.npy,data/raw/train/GT/000131.npy,128->256,cluster_2
data/raw/train/NoisyLR/000132.npy,data/raw/train/GT/000132.npy,128->256,cluster_1
data/raw/train/NoisyLR/000133.npy,data/raw/train/GT/000133.npy,128->256,cluster_1
data/raw/train/NoisyLR/000134.npy,data/raw/train/GT/000134.npy,128->256,cluster_0
data/raw/train/NoisyLR/000135.npy,data/raw/train/GT/000135.npy,128->256,cluster_1
data/raw/train/NoisyLR/000136.npy,data/raw/train/GT/000136.npy,128->256,cluster_0
data/raw/train/NoisyLR/000137.npy,data/raw/train/GT/000137.npy,128->256,cluster_0
data/raw/train/NoisyLR/000138.npy,data/raw/train/GT/000138.npy,128->256,cluster_0
data/raw/train/NoisyLR/000139.npy,data/raw/train/GT/000139.npy,128->256,cluster_0
data/raw/train/NoisyLR/000140.npy,data/raw/train/GT/000140.npy,128->256,cluster_2
data/raw/train/NoisyLR/000141.npy,data/raw/train/GT/000141.npy,128->256,cluster_2
data/raw/train/NoisyLR/000143.npy,data/raw/train/GT/000143.npy,128->256,cluster_2
data/raw/train/NoisyLR/000144.npy,data/raw/train/GT/000144.npy,128->256,cluster_0
data/raw/train/NoisyLR/000146.npy,data/raw/train/GT/000146.npy,128->256,cluster_2
data/raw/train/NoisyLR/000147.npy,data/raw/train/GT/000147.npy,128->256,cluster_2
data/raw/train/NoisyLR/000151.npy,data/raw/train/GT/000151.npy,128->256,cluster_2
data/raw/train/NoisyLR/000152.npy,data/raw/train/GT/000152.npy,128->256,cluster_0
data/raw/train/NoisyLR/000154.npy,data/raw/train/GT/000154.npy,128->256,cluster_1
data/raw/train/NoisyLR/000157.npy,data/raw/train/GT/000157.npy,128->256,cluster_0
data/raw/train/NoisyLR/000158.npy,data/raw/train/GT/000158.npy,128->256,cluster_0
data/raw/train/NoisyLR/000159.npy,data/raw/train/GT/000159.npy,128->256,cluster_0
data/raw/train/NoisyLR/000160.npy,data/raw/train/GT/000160.npy,128->256,cluster_0
data/raw/train/NoisyLR/000161.npy,data/raw/train/GT/000161.npy,128->256,cluster_0
data/raw/train/NoisyLR/000162.npy,data/raw/train/GT/000162.npy,128->256,cluster_0
data/raw/train/NoisyLR/000163.npy,data/raw/train/GT/000163.npy,128->256,cluster_0
data/raw/train/NoisyLR/000164.npy,data/raw/train/GT/000164.npy,128->256,cluster_1
data/raw/train/NoisyLR/000165.npy,data/raw/train/GT/000165.npy,128->256,cluster_1
data/raw/train/NoisyLR/000166.npy,data/raw/train/GT/000166.npy,128->256,cluster_0
data/raw/train/NoisyLR/000167.npy,data/raw/train/GT/000167.npy,128->256,cluster_0
data/raw/train/NoisyLR/000168.npy,data/raw/train/GT/000168.npy,128->256,cluster_2
data/raw/train/NoisyLR/000169.npy,data/raw/train/GT/000169.npy,128->256,cluster_1
data/raw/train/NoisyLR/000170.npy,data/raw/train/GT/000170.npy,128->256,cluster_1
data/raw/train/NoisyLR/000171.npy,data/raw/train/GT/000171.npy,128->256,cluster_0
data/raw/train/NoisyLR/000172.npy,data/raw/train/GT/000172.npy,128->256,cluster_1
data/raw/train/NoisyLR/000173.npy,data/raw/train/GT/000173.npy,128->256,cluster_2
data/raw/train/NoisyLR/000174.npy,data/raw/train/GT/000174.npy,128->256,cluster_1
data/raw/train/NoisyLR/000176.npy,data/raw/train/GT/000176.npy,128->256,cluster_0
data/raw/train/NoisyLR/000177.npy,data/raw/train/GT/000177.npy,128->256,cluster_1
data/raw/train/NoisyLR/000178.npy,data/raw/train/GT/000178.npy,128->256,cluster_1
data/raw/train/NoisyLR/000179.npy,data/raw/train/GT/000179.npy,128->256,cluster_1
data/raw/train/NoisyLR/000180.npy,data/raw/train/GT/000180.npy,128->256,cluster_0
data/raw/train/NoisyLR/000181.npy,data/raw/train/GT/000181.npy,128->256,cluster_0
data/raw/train/NoisyLR/000182.npy,data/raw/train/GT/000182.npy,128->256,cluster_0
data/raw/train/NoisyLR/000183.npy,data/raw/train/GT/000183.npy,128->256,cluster_0
data/raw/train/NoisyLR/000184.npy,data/raw/train/GT/000184.npy,128->256,cluster_2
data/raw/train/NoisyLR/000185.npy,data/raw/train/GT/000185.npy,128->256,cluster_0
data/raw/train/NoisyLR/000186.npy,data/raw/train/GT/000186.npy,128->256,cluster_0
data/raw/train/NoisyLR/000187.npy,data/raw/train/GT/000187.npy,128->256,cluster_0
data/raw/train/NoisyLR/000188.npy,data/raw/train/GT/000188.npy,128->256,cluster_0
data/raw/train/NoisyLR/000189.npy,data/raw/train/GT/000189.npy,128->256,cluster_0
data/raw/train/NoisyLR/000190.npy,data/raw/train/GT/000190.npy,128->256,cluster_0
data/raw/train/NoisyLR/000191.npy,data/raw/train/GT/000191.npy,128->256,cluster_0
data/raw/train/NoisyLR/000192.npy,data/raw/train/GT/000192.npy,128->256,cluster_1
data/raw/train/NoisyLR/000193.npy,data/raw/train/GT/000193.npy,128->256,cluster_0
data/raw/train/NoisyLR/000194.npy,data/raw/train/GT/000194.npy,128->256,cluster_0
data/raw/train/NoisyLR/000195.npy,data/raw/train/GT/000195.npy,128->256,cluster_0
data/raw/train/NoisyLR/000196.npy,data/raw/train/GT/000196.npy,128->256,cluster_1
data/raw/train/NoisyLR/000197.npy,data/raw/train/GT/000197.npy,128->256,cluster_1
data/raw/train/NoisyLR/000198.npy,data/raw/train/GT/000198.npy,128->256,cluster_1
data/raw/train/NoisyLR/000199.npy,data/raw/train/GT/000199.npy,128->256,cluster_1
data/raw/train/NoisyLR/000200.npy,data/raw/train/GT/000200.npy,128->256,cluster_1
data/raw/train/NoisyLR/000204.npy,data/raw/train/GT/000204.npy,128->256,cluster_2
data/raw/train/NoisyLR/000208.npy,data/raw/train/GT/000208.npy,128->256,cluster_1
data/raw/train/NoisyLR/000210.npy,data/raw/train/GT/000210.npy,128->256,cluster_2
data/raw/train/NoisyLR/000211.npy,data/raw/train/GT/000211.npy,128->256,cluster_2
data/raw/train/NoisyLR/000212.npy,data/raw/train/GT/000212.npy,128->256,cluster_0
data/raw/train/NoisyLR/000213.npy,data/raw/train/GT/000213.npy,128->256,cluster_0
data/raw/train/NoisyLR/000214.npy,data/raw/train/GT/000214.npy,128->256,cluster_2
data/raw/train/NoisyLR/000215.npy,data/raw/train/GT/000215.npy,128->256,cluster_0
data/raw/train/NoisyLR/000216.npy,data/raw/train/GT/000216.npy,128->256,cluster_0
data/raw/train/NoisyLR/000220.npy,data/raw/train/GT/000220.npy,128->256,cluster_0
data/raw/train/NoisyLR/000222.npy,data/raw/train/GT/000222.npy,128->256,cluster_2
data/raw/train/NoisyLR/000224.npy,data/raw/train/GT/000224.npy,128->256,cluster_0
data/raw/train/NoisyLR/000225.npy,data/raw/train/GT/000225.npy,128->256,cluster_0
data/raw/train/NoisyLR/000226.npy,data/raw/train/GT/000226.npy,128->256,cluster_0
data/raw/train/NoisyLR/000227.npy,data/raw/train/GT/000227.npy,128->256,cluster_0
data/raw/train/NoisyLR/000231.npy,data/raw/train/GT/000231.npy,128->256,cluster_2
data/raw/train/NoisyLR/000232.npy,data/raw/train/GT/000232.npy,128->256,cluster_0
data/raw/train/NoisyLR/000233.npy,data/raw/train/GT/000233.npy,128->256,cluster_0
data/raw/train/NoisyLR/000234.npy,data/raw/train/GT/000234.npy,128->256,cluster_0
data/raw/train/NoisyLR/000235.npy,data/raw/train/GT/000235.npy,128->256,cluster_0
data/raw/train/NoisyLR/000237.npy,data/raw/train/GT/000237.npy,128->256,cluster_0
data/raw/train/NoisyLR/000238.npy,data/raw/train/GT/000238.npy,128->256,cluster_0
data/raw/train/NoisyLR/000239.npy,data/raw/train/GT/000239.npy,128->256,cluster_1
data/raw/train/NoisyLR/000240.npy,data/raw/train/GT/000240.npy,128->256,cluster_0
data/raw/train/NoisyLR/000241.npy,data/raw/train/GT/000241.npy,128->256,cluster_1
data/raw/train/NoisyLR/000242.npy,data/raw/train/GT/000242.npy,128->256,cluster_1
data/raw/train/NoisyLR/000243.npy,data/raw/train/GT/000243.npy,128->256,cluster_1
data/raw/train/NoisyLR/000244.npy,data/raw/train/GT/000244.npy,128->256,cluster_2
data/raw/train/NoisyLR/000245.npy,data/raw/train/GT/000245.npy,128->256,cluster_1
data/raw/train/NoisyLR/000246.npy,data/raw/train/GT/000246.npy,128->256,cluster_1
data/raw/train/NoisyLR/000247.npy,data/raw/train/GT/000247.npy,128->256,cluster_1
data/raw/train/NoisyLR/000249.npy,data/raw/train/GT/000249.npy,128->256,cluster_0
data/raw/train/NoisyLR/000250.npy,data/raw/train/GT/000250.npy,128->256,cluster_0
data/raw/train/NoisyLR/000251.npy,data/raw/train/GT/000251.npy,128->256,cluster_0
data/raw/train/NoisyLR/000252.npy,data/raw/train/GT/000252.npy,128->256,cluster_1
data/raw/train/NoisyLR/000253.npy,data/raw/train/GT/000253.npy,128->256,cluster_1
data/raw/train/NoisyLR/000254.npy,data/raw/train/GT/000254.npy,128->256,cluster_1
data/raw/train/NoisyLR/000255.npy,data/raw/train/GT/000255.npy,128->256,cluster_1
data/raw/train/NoisyLR/000256.npy,data/raw/train/GT/000256.npy,128->256,cluster_1
data/raw/train/NoisyLR/000257.npy,data/raw/train/GT/000257.npy,128->256,cluster_2
data/raw/train/NoisyLR/000259.npy,data/raw/train/GT/000259.npy,128->256,cluster_2
data/raw/train/NoisyLR/000260.npy,data/raw/train/GT/000260.npy,128->256,cluster_0
data/raw/train/NoisyLR/000261.npy,data/raw/train/GT/000261.npy,128->256,cluster_0
data/raw/train/NoisyLR/000262.npy,data/raw/train/GT/000262.npy,128->256,cluster_0
data/raw/train/NoisyLR/000263.npy,data/raw/train/GT/000263.npy,128->256,cluster_0
data/raw/train/NoisyLR/000265.npy,data/raw/train/GT/000265.npy,128->256,cluster_0
data/raw/train/NoisyLR/000266.npy,data/raw/train/GT/000266.npy,128->256,cluster_0
data/raw/train/NoisyLR/000267.npy,data/raw/train/GT/000267.npy,128->256,cluster_0
data/raw/train/NoisyLR/000268.npy,data/raw/train/GT/000268.npy,128->256,cluster_2
data/raw/train/NoisyLR/000269.npy,data/raw/train/GT/000269.npy,128->256,cluster_0
data/raw/train/NoisyLR/000270.npy,data/raw/train/GT/000270.npy,128->256,cluster_0
data/raw/train/NoisyLR/000271.npy,data/raw/train/GT/000271.npy,128->256,cluster_0
data/raw/train/NoisyLR/000273.npy,data/raw/train/GT/000273.npy,128->256,cluster_1
data/raw/train/NoisyLR/000274.npy,data/raw/train/GT/000274.npy,128->256,cluster_1
data/raw/train/NoisyLR/000275.npy,data/raw/train/GT/000275.npy,128->256,cluster_1
data/raw/train/NoisyLR/000276.npy,data/raw/train/GT/000276.npy,128->256,cluster_0
data/raw/train/NoisyLR/000277.npy,data/raw/train/GT/000277.npy,128->256,cluster_0
data/raw/train/NoisyLR/000278.npy,data/raw/train/GT/000278.npy,128->256,cluster_0
data/raw/train/NoisyLR/000279.npy,data/raw/train/GT/000279.npy,128->256,cluster_0
data/raw/train/NoisyLR/000280.npy,data/raw/train/GT/000280.npy,128->256,cluster_2
data/raw/train/NoisyLR/000283.npy,data/raw/train/GT/000283.npy,128->256,cluster_2
data/raw/train/NoisyLR/000284.npy,data/raw/train/GT/000284.npy,128->256,cluster_2
data/raw/train/NoisyLR/000285.npy,data/raw/train/GT/000285.npy,128->256,cluster_0
data/raw/train/NoisyLR/000286.npy,data/raw/train/GT/000286.npy,128->256,cluster_0
data/raw/train/NoisyLR/000287.npy,data/raw/train/GT/000287.npy,128->256,cluster_0
data/raw/train/NoisyLR/000289.npy,data/raw/train/GT/000289.npy,128->256,cluster_0
data/raw/train/NoisyLR/000290.npy,data/raw/train/GT/000290.npy,128->256,cluster_0
data/raw/train/NoisyLR/000291.npy,data/raw/train/GT/000291.npy,128->256,cluster_0
data/raw/train/NoisyLR/000292.npy,data/raw/train/GT/000292.npy,128->256,cluster_0
data/raw/train/NoisyLR/000294.npy,data/raw/train/GT/000294.npy,128->256,cluster_2
data/raw/train/NoisyLR/000295.npy,data/raw/train/GT/000295.npy,128->256,cluster_2
data/raw/train/NoisyLR/000297.npy,data/raw/train/GT/000297.npy,128->256,cluster_0
data/raw/train/NoisyLR/000298.npy,data/raw/train/GT/000298.npy,128->256,cluster_0
data/raw/train/NoisyLR/000299.npy,data/raw/train/GT/000299.npy,128->256,cluster_0
data/raw/train/NoisyLR/000300.npy,data/raw/train/GT/000300.npy,128->256,cluster_0
data/raw/train/NoisyLR/000301.npy,data/raw/train/GT/000301.npy,128->256,cluster_0
data/raw/train/NoisyLR/000302.npy,data/raw/train/GT/000302.npy,128->256,cluster_0
data/raw/train/NoisyLR/000303.npy,data/raw/train/GT/000303.npy,128->256,cluster_0
data/raw/train/NoisyLR/000304.npy,data/raw/train/GT/000304.npy,128->256,cluster_0
data/raw/train/NoisyLR/000305.npy,data/raw/train/GT/000305.npy,128->256,cluster_2
data/raw/train/NoisyLR/000308.npy,data/raw/train/GT/000308.npy,128->256,cluster_2
data/raw/train/NoisyLR/000309.npy,data/raw/train/GT/000309.npy,128->256,cluster_0
data/raw/train/NoisyLR/000310.npy,data/raw/train/GT/000310.npy,128->256,cluster_0
data/raw/train/NoisyLR/000311.npy,data/raw/train/GT/000311.npy,128->256,cluster_0
data/raw/train/NoisyLR/000312.npy,data/raw/train/GT/000312.npy,128->256,cluster_0
data/raw/train/NoisyLR/000315.npy,data/raw/train/GT/000315.npy,128->256,cluster_2
data/raw/train/NoisyLR/000316.npy,data/raw/train/GT/000316.npy,128->256,cluster_1
data/raw/train/NoisyLR/000317.npy,data/raw/train/GT/000317.npy,128->256,cluster_1
data/raw/train/NoisyLR/000318.npy,data/raw/train/GT/000318.npy,128->256,cluster_2
data/raw/train/NoisyLR/000320.npy,data/raw/train/GT/000320.npy,128->256,cluster_1
data/raw/train/NoisyLR/000321.npy,data/raw/train/GT/000321.npy,128->256,cluster_2
data/raw/train/NoisyLR/000322.npy,data/raw/train/GT/000322.npy,128->256,cluster_2
data/raw/train/NoisyLR/000323.npy,data/raw/train/GT/000323.npy,128->256,cluster_2
data/raw/train/NoisyLR/000324.npy,data/raw/train/GT/000324.npy,128->256,cluster_2
data/raw/train/NoisyLR/000325.npy,data/raw/train/GT/000325.npy,128->256,cluster_0
data/raw/train/NoisyLR/000326.npy,data/raw/train/GT/000326.npy,128->256,cluster_0
data/raw/train/NoisyLR/000327.npy,data/raw/train/GT/000327.npy,128->256,cluster_0
data/raw/train/NoisyLR/000328.npy,data/raw/train/GT/000328.npy,128->256,cluster_1
data/raw/train/NoisyLR/000329.npy,data/raw/train/GT/000329.npy,128->256,cluster_0
data/raw/train/NoisyLR/000330.npy,data/raw/train/GT/000330.npy,128->256,cluster_0
data/raw/train/NoisyLR/000331.npy,data/raw/train/GT/000331.npy,128->256,cluster_0
data/raw/train/NoisyLR/000332.npy,data/raw/train/GT/000332.npy,128->256,cluster_0
data/raw/train/NoisyLR/000333.npy,data/raw/train/GT/000333.npy,128->256,cluster_0
data/raw/train/NoisyLR/000334.npy,data/raw/train/GT/000334.npy,128->256,cluster_0
data/raw/train/NoisyLR/000335.npy,data/raw/train/GT/000335.npy,128->256,cluster_0
data/raw/train/NoisyLR/000337.npy,data/raw/train/GT/000337.npy,128->256,cluster_0
data/raw/train/NoisyLR/000338.npy,data/raw/train/GT/000338.npy,128->256,cluster_0
data/raw/train/NoisyLR/000339.npy,data/raw/train/GT/000339.npy,128->256,cluster_0
data/raw/train/NoisyLR/000340.npy,data/raw/train/GT/000340.npy,128->256,cluster_2
data/raw/train/NoisyLR/000342.npy,data/raw/train/GT/000342.npy,128->256,cluster_2
data/raw/train/NoisyLR/000343.npy,data/raw/train/GT/000343.npy,128->256,cluster_2
data/raw/train/NoisyLR/000344.npy,data/raw/train/GT/000344.npy,128->256,cluster_2
data/raw/train/NoisyLR/000345.npy,data/raw/train/GT/000345.npy,128->256,cluster_2
data/raw/train/NoisyLR/000347.npy,data/raw/train/GT/000347.npy,128->256,cluster_2
data/raw/train/NoisyLR/000348.npy,data/raw/train/GT/000348.npy,128->256,cluster_0
data/raw/train/NoisyLR/000349.npy,data/raw/train/GT/000349.npy,128->256,cluster_2
data/raw/train/NoisyLR/000350.npy,data/raw/train/GT/000350.npy,128->256,cluster_2
data/raw/train/NoisyLR/000351.npy,data/raw/train/GT/000351.npy,128->256,cluster_0
data/raw/train/NoisyLR/000352.npy,data/raw/train/GT/000352.npy,128->256,cluster_2
data/raw/train/NoisyLR/000353.npy,data/raw/train/GT/000353.npy,128->256,cluster_0
data/raw/train/NoisyLR/000354.npy,data/raw/train/GT/000354.npy,128->256,cluster_0
data/raw/train/NoisyLR/000355.npy,data/raw/train/GT/000355.npy,128->256,cluster_0
data/raw/train/NoisyLR/000356.npy,data/raw/train/GT/000356.npy,128->256,cluster_2
data/raw/train/NoisyLR/000357.npy,data/raw/train/GT/000357.npy,128->256,cluster_0
data/raw/train/NoisyLR/000358.npy,data/raw/train/GT/000358.npy,128->256,cluster_0
data/raw/train/NoisyLR/000359.npy,data/raw/train/GT/000359.npy,128->256,cluster_0
data/raw/train/NoisyLR/000361.npy,data/raw/train/GT/000361.npy,128->256,cluster_0
data/raw/train/NoisyLR/000362.npy,data/raw/train/GT/000362.npy,128->256,cluster_0
data/raw/train/NoisyLR/000363.npy,data/raw/train/GT/000363.npy,128->256,cluster_0
data/raw/train/NoisyLR/000364.npy,data/raw/train/GT/000364.npy,128->256,cluster_2
data/raw/train/NoisyLR/000365.npy,data/raw/train/GT/000365.npy,128->256,cluster_0
data/raw/train/NoisyLR/000366.npy,data/raw/train/GT/000366.npy,128->256,cluster_0
data/raw/train/NoisyLR/000367.npy,data/raw/train/GT/000367.npy,128->256,cluster_0
data/raw/train/NoisyLR/000368.npy,data/raw/train/GT/000368.npy,128->256,cluster_0
data/raw/train/NoisyLR/000369.npy,data/raw/train/GT/000369.npy,128->256,cluster_1
data/raw/train/NoisyLR/000370.npy,data/raw/train/GT/000370.npy,128->256,cluster_1
data/raw/train/NoisyLR/000371.npy,data/raw/train/GT/000371.npy,128->256,cluster_1
data/raw/train/NoisyLR/000372.npy,data/raw/train/GT/000372.npy,128->256,cluster_1
data/raw/train/NoisyLR/000373.npy,data/raw/train/GT/000373.npy,128->256,cluster_1
data/raw/train/NoisyLR/000374.npy,data/raw/train/GT/000374.npy,128->256,cluster_1
data/raw/train/NoisyLR/000375.npy,data/raw/train/GT/000375.npy,128->256,cluster_0
data/raw/train/NoisyLR/000376.npy,data/raw/train/GT/000376.npy,128->256,cluster_1
data/raw/train/NoisyLR/000377.npy,data/raw/train/GT/000377.npy,128->256,cluster_1
data/raw/train/NoisyLR/000379.npy,data/raw/train/GT/000379.npy,128->256,cluster_1
data/raw/train/NoisyLR/000380.npy,data/raw/train/GT/000380.npy,128->256,cluster_0
data/raw/train/NoisyLR/000381.npy,data/raw/train/GT/000381.npy,128->256,cluster_1
data/raw/train/NoisyLR/000382.npy,data/raw/train/GT/000382.npy,128->256,cluster_0
data/raw/train/NoisyLR/000383.npy,data/raw/train/GT/000383.npy,128->256,cluster_1
data/raw/train/NoisyLR/000384.npy,data/raw/train/GT/000384.npy,128->256,cluster_0
data/raw/train/NoisyLR/000385.npy,data/raw/train/GT/000385.npy,128->256,cluster_0
data/raw/train/NoisyLR/000386.npy,data/raw/train/GT/000386.npy,128->256,cluster_0
data/raw/train/NoisyLR/000387.npy,data/raw/train/GT/000387.npy,128->256,cluster_0
data/raw/train/NoisyLR/000388.npy,data/raw/train/GT/000388.npy,128->256,cluster_2
data/raw/train/NoisyLR/000389.npy,data/raw/train/GT/000389.npy,128->256,cluster_0
data/raw/train/NoisyLR/000390.npy,data/raw/train/GT/000390.npy,128->256,cluster_0
data/raw/train/NoisyLR/000391.npy,data/raw/train/GT/000391.npy,128->256,cluster_0
data/raw/train/NoisyLR/000392.npy,data/raw/train/GT/000392.npy,128->256,cluster_0
data/raw/train/NoisyLR/000393.npy,data/raw/train/GT/000393.npy,128->256,cluster_1
data/raw/train/NoisyLR/000394.npy,data/raw/train/GT/000394.npy,128->256,cluster_1
data/raw/train/NoisyLR/000395.npy,data/raw/train/GT/000395.npy,128->256,cluster_1
data/raw/train/NoisyLR/000396.npy,data/raw/train/GT/000396.npy,128->256,cluster_0
data/raw/train/NoisyLR/000397.npy,data/raw/train/GT/000397.npy,128->256,cluster_1
data/raw/train/NoisyLR/000398.npy,data/raw/train/GT/000398.npy,128->256,cluster_1
data/raw/train/NoisyLR/000399.npy,data/raw/train/GT/000399.npy,128->256,cluster_1
data/raw/train/NoisyLR/000400.npy,data/raw/train/GT/000400.npy,128->256,cluster_2
data/raw/train/NoisyLR/000401.npy,data/raw/train/GT/000401.npy,128->256,cluster_1
data/raw/train/NoisyLR/000402.npy,data/raw/train/GT/000402.npy,128->256,cluster_1
data/raw/train/NoisyLR/000403.npy,data/raw/train/GT/000403.npy,128->256,cluster_1
data/raw/train/NoisyLR/000405.npy,data/raw/train/GT/000405.npy,128->256,cluster_0
data/raw/train/NoisyLR/000406.npy,data/raw/train/GT/000406.npy,128->256,cluster_0
data/raw/train/NoisyLR/000407.npy,data/raw/train/GT/000407.npy,128->256,cluster_0
data/raw/train/NoisyLR/000409.npy,data/raw/train/GT/000409.npy,128->256,cluster_2
data/raw/train/NoisyLR/000411.npy,data/raw/train/GT/000411.npy,128->256,cluster_2
data/raw/train/NoisyLR/000412.npy,data/raw/train/GT/000412.npy,128->256,cluster_1
data/raw/train/NoisyLR/000413.npy,data/raw/train/GT/000413.npy,128->256,cluster_1
data/raw/train/NoisyLR/000414.npy,data/raw/train/GT/000414.npy,128->256,cluster_1
data/raw/train/NoisyLR/000415.npy,data/raw/train/GT/000415.npy,128->256,cluster_1
data/raw/train/NoisyLR/000417.npy,data/raw/train/GT/000417.npy,128->256,cluster_0
data/raw/train/NoisyLR/000418.npy,data/raw/train/GT/000418.npy,128->256,cluster_0
data/raw/train/NoisyLR/000419.npy,data/raw/train/GT/000419.npy,128->256,cluster_0
data/raw/train/NoisyLR/000420.npy,data/raw/train/GT/000420.npy,128->256,cluster_1
data/raw/train/NoisyLR/000421.npy,data/raw/train/GT/000421.npy,128->256,cluster_1
data/raw/train/NoisyLR/000422.npy,data/raw/train/GT/000422.npy,128->256,cluster_1
data/raw/train/NoisyLR/000423.npy,data/raw/train/GT/000423.npy,128->256,cluster_1
data/raw/train/NoisyLR/000424.npy,data/raw/train/GT/000424.npy,128->256,cluster_2
data/raw/train/NoisyLR/000425.npy,data/raw/train/GT/000425.npy,128->256,cluster_0
data/raw/train/NoisyLR/000426.npy,data/raw/train/GT/000426.npy,128->256,cluster_0
data/raw/train/NoisyLR/000427.npy,data/raw/train/GT/000427.npy,128->256,cluster_0
data/raw/train/NoisyLR/000428.npy,data/raw/train/GT/000428.npy,128->256,cluster_0
data/raw/train/NoisyLR/000429.npy,data/raw/train/GT/000429.npy,128->256,cluster_2
data/raw/train/NoisyLR/000431.npy,data/raw/train/GT/000431.npy,128->256,cluster_2
data/raw/train/NoisyLR/000432.npy,data/raw/train/GT/000432.npy,128->256,cluster_0
data/raw/train/NoisyLR/000433.npy,data/raw/train/GT/000433.npy,128->256,cluster_0
data/raw/train/NoisyLR/000434.npy,data/raw/train/GT/000434.npy,128->256,cluster_0
data/raw/train/NoisyLR/000435.npy,data/raw/train/GT/000435.npy,128->256,cluster_0
data/raw/train/NoisyLR/000436.npy,data/raw/train/GT/000436.npy,128->256,cluster_0
data/raw/train/NoisyLR/000437.npy,data/raw/train/GT/000437.npy,128->256,cluster_0
data/raw/train/NoisyLR/000438.npy,data/raw/train/GT/000438.npy,128->256,cluster_0
data/raw/train/NoisyLR/000439.npy,data/raw/train/GT/000439.npy,128->256,cluster_0
data/raw/train/NoisyLR/000440.npy,data/raw/train/GT/000440.npy,128->256,cluster_2
data/raw/train/NoisyLR/000441.npy,data/raw/train/GT/000441.npy,128->256,cluster_2
data/raw/train/NoisyLR/000442.npy,data/raw/train/GT/000442.npy,128->256,cluster_1
data/raw/train/NoisyLR/000444.npy,data/raw/train/GT/000444.npy,128->256,cluster_0
data/raw/train/NoisyLR/000445.npy,data/raw/train/GT/000445.npy,128->256,cluster_1
data/raw/train/NoisyLR/000446.npy,data/raw/train/GT/000446.npy,128->256,cluster_1
data/raw/train/NoisyLR/000447.npy,data/raw/train/GT/000447.npy,128->256,cluster_1
data/raw/train/NoisyLR/000448.npy,data/raw/train/GT/000448.npy,128->256,cluster_0
data/raw/train/NoisyLR/000449.npy,data/raw/train/GT/000449.npy,128->256,cluster_0
data/raw/train/NoisyLR/000450.npy,data/raw/train/GT/000450.npy,128->256,cluster_0
data/raw/train/NoisyLR/000451.npy,data/raw/train/GT/000451.npy,128->256,cluster_0
data/raw/train/NoisyLR/000452.npy,data/raw/train/GT/000452.npy,128->256,cluster_2
data/raw/train/NoisyLR/000453.npy,data/raw/train/GT/000453.npy,128->256,cluster_1
data/raw/train/NoisyLR/000454.npy,data/raw/train/GT/000454.npy,128->256,cluster_1
data/raw/train/NoisyLR/000455.npy,data/raw/train/GT/000455.npy,128->256,cluster_1
data/raw/train/NoisyLR/000456.npy,data/raw/train/GT/000456.npy,128->256,cluster_1
data/raw/train/NoisyLR/000457.npy,data/raw/train/GT/000457.npy,128->256,cluster_0
data/raw/train/NoisyLR/000458.npy,data/raw/train/GT/000458.npy,128->256,cluster_0
data/raw/train/NoisyLR/000459.npy,data/raw/train/GT/000459.npy,128->256,cluster_0
data/raw/train/NoisyLR/000460.npy,data/raw/train/GT/000460.npy,128->256,cluster_2
data/raw/train/NoisyLR/000461.npy,data/raw/train/GT/000461.npy,128->256,cluster_2
data/raw/train/NoisyLR/000462.npy,data/raw/train/GT/000462.npy,128->256,cluster_2
data/raw/train/NoisyLR/000463.npy,data/raw/train/GT/000463.npy,128->256,cluster_2
data/raw/train/NoisyLR/000464.npy,data/raw/train/GT/000464.npy,128->256,cluster_2
data/raw/train/NoisyLR/000465.npy,data/raw/train/GT/000465.npy,128->256,cluster_1
data/raw/train/NoisyLR/000466.npy,data/raw/train/GT/000466.npy,128->256,cluster_1
data/raw/train/NoisyLR/000468.npy,data/raw/train/GT/000468.npy,128->256,cluster_1
data/raw/train/NoisyLR/000469.npy,data/raw/train/GT/000469.npy,128->256,cluster_0
data/raw/train/NoisyLR/000470.npy,data/raw/train/GT/000470.npy,128->256,cluster_0
data/raw/train/NoisyLR/000471.npy,data/raw/train/GT/000471.npy,128->256,cluster_0
data/raw/train/NoisyLR/000472.npy,data/raw/train/GT/000472.npy,128->256,cluster_2
data/raw/train/NoisyLR/000473.npy,data/raw/train/GT/000473.npy,128->256,cluster_2
data/raw/train/NoisyLR/000474.npy,data/raw/train/GT/000474.npy,128->256,cluster_1
data/raw/train/NoisyLR/000475.npy,data/raw/train/GT/000475.npy,128->256,cluster_1
data/raw/train/NoisyLR/000476.npy,data/raw/train/GT/000476.npy,128->256,cluster_0
data/raw/train/NoisyLR/000478.npy,data/raw/train/GT/000478.npy,128->256,cluster_2
data/raw/train/NoisyLR/000479.npy,data/raw/train/GT/000479.npy,128->256,cluster_2
data/raw/train/NoisyLR/000480.npy,data/raw/train/GT/000480.npy,128->256,cluster_0
data/raw/train/NoisyLR/000481.npy,data/raw/train/GT/000481.npy,128->256,cluster_2
data/raw/train/NoisyLR/000482.npy,data/raw/train/GT/000482.npy,128->256,cluster_2
data/raw/train/NoisyLR/000484.npy,data/raw/train/GT/000484.npy,128->256,cluster_1
data/raw/train/NoisyLR/000485.npy,data/raw/train/GT/000485.npy,128->256,cluster_1
data/raw/train/NoisyLR/000486.npy,data/raw/train/GT/000486.npy,128->256,cluster_1
data/raw/train/NoisyLR/000487.npy,data/raw/train/GT/000487.npy,128->256,cluster_1
data/raw/train/NoisyLR/000488.npy,data/raw/train/GT/000488.npy,128->256,cluster_0
data/raw/train/NoisyLR/000489.npy,data/raw/train/GT/000489.npy,128->256,cluster_0
data/raw/train/NoisyLR/000490.npy,data/raw/train/GT/000490.npy,128->256,cluster_2
data/raw/train/NoisyLR/000492.npy,data/raw/train/GT/000492.npy,128->256,cluster_0
data/raw/train/NoisyLR/000493.npy,data/raw/train/GT/000493.npy,128->256,cluster_0
data/raw/train/NoisyLR/000494.npy,data/raw/train/GT/000494.npy,128->256,cluster_1
data/raw/train/NoisyLR/000495.npy,data/raw/train/GT/000495.npy,128->256,cluster_1
data/raw/train/NoisyLR/000496.npy,data/raw/train/GT/000496.npy,128->256,cluster_2
data/raw/train/NoisyLR/000497.npy,data/raw/train/GT/000497.npy,128->256,cluster_0
data/raw/train/NoisyLR/000498.npy,data/raw/train/GT/000498.npy,128->256,cluster_0
data/raw/train/NoisyLR/000499.npy,data/raw/train/GT/000499.npy,128->256,cluster_0
data/raw/train/NoisyLR/000500.npy,data/raw/train/GT/000500.npy,128->256,cluster_1
data/raw/train/NoisyLR/000501.npy,data/raw/train/GT/000501.npy,128->256,cluster_1
data/raw/train/NoisyLR/000502.npy,data/raw/train/GT/000502.npy,128->256,cluster_1
data/raw/train/NoisyLR/000503.npy,data/raw/train/GT/000503.npy,128->256,cluster_1
data/raw/train/NoisyLR/000504.npy,data/raw/train/GT/000504.npy,128->256,cluster_2
data/raw/train/NoisyLR/000505.npy,data/raw/train/GT/000505.npy,128->256,cluster_0
data/raw/train/NoisyLR/000507.npy,data/raw/train/GT/000507.npy,128->256,cluster_2
data/raw/train/NoisyLR/000508.npy,data/raw/train/GT/000508.npy,128->256,cluster_1
data/raw/train/NoisyLR/000509.npy,data/raw/train/GT/000509.npy,128->256,cluster_0
data/raw/train/NoisyLR/000510.npy,data/raw/train/GT/000510.npy,128->256,cluster_0
data/raw/train/NoisyLR/000511.npy,data/raw/train/GT/000511.npy,128->256,cluster_0
data/raw/train/NoisyLR/000512.npy,data/raw/train/GT/000512.npy,128->256,cluster_1
data/raw/train/NoisyLR/000513.npy,data/raw/train/GT/000513.npy,128->256,cluster_2
data/raw/train/NoisyLR/000514.npy,data/raw/train/GT/000514.npy,128->256,cluster_2
data/raw/train/NoisyLR/000516.npy,data/raw/train/GT/000516.npy,128->256,cluster_1
data/raw/train/NoisyLR/000517.npy,data/raw/train/GT/000517.npy,128->256,cluster_1
data/raw/train/NoisyLR/000518.npy,data/raw/train/GT/000518.npy,128->256,cluster_1
data/raw/train/NoisyLR/000519.npy,data/raw/train/GT/000519.npy,128->256,cluster_1
data/raw/train/NoisyLR/000520.npy,data/raw/train/GT/000520.npy,128->256,cluster_1
data/raw/train/NoisyLR/000521.npy,data/raw/train/GT/000521.npy,128->256,cluster_1
data/raw/train/NoisyLR/000522.npy,data/raw/train/GT/000522.npy,128->256,cluster_1
data/raw/train/NoisyLR/000523.npy,data/raw/train/GT/000523.npy,128->256,cluster_1
data/raw/train/NoisyLR/000524.npy,data/raw/train/GT/000524.npy,128->256,cluster_2
data/raw/train/NoisyLR/000525.npy,data/raw/train/GT/000525.npy,128->256,cluster_0
data/raw/train/NoisyLR/000526.npy,data/raw/train/GT/000526.npy,128->256,cluster_1
data/raw/train/NoisyLR/000527.npy,data/raw/train/GT/000527.npy,128->256,cluster_1
data/raw/train/NoisyLR/000528.npy,data/raw/train/GT/000528.npy,128->256,cluster_0
data/raw/train/NoisyLR/000529.npy,data/raw/train/GT/000529.npy,128->256,cluster_1
data/raw/train/NoisyLR/000530.npy,data/raw/train/GT/000530.npy,128->256,cluster_1
data/raw/train/NoisyLR/000531.npy,data/raw/train/GT/000531.npy,128->256,cluster_1
data/raw/train/NoisyLR/000532.npy,data/raw/train/GT/000532.npy,128->256,cluster_0
data/raw/train/NoisyLR/000533.npy,data/raw/train/GT/000533.npy,128->256,cluster_1
data/raw/train/NoisyLR/000535.npy,data/raw/train/GT/000535.npy,128->256,cluster_2
data/raw/train/NoisyLR/000536.npy,data/raw/train/GT/000536.npy,128->256,cluster_0
data/raw/train/NoisyLR/000537.npy,data/raw/train/GT/000537.npy,128->256,cluster_0
data/raw/train/NoisyLR/000538.npy,data/raw/train/GT/000538.npy,128->256,cluster_0
data/raw/train/NoisyLR/000539.npy,data/raw/train/GT/000539.npy,128->256,cluster_0
data/raw/train/NoisyLR/000540.npy,data/raw/train/GT/000540.npy,128->256,cluster_1
data/raw/train/NoisyLR/000541.npy,data/raw/train/GT/000541.npy,128->256,cluster_2
data/raw/train/NoisyLR/000544.npy,data/raw/train/GT/000544.npy,128->256,cluster_1
data/raw/train/NoisyLR/000545.npy,data/raw/train/GT/000545.npy,128->256,cluster_2
data/raw/train/NoisyLR/000546.npy,data/raw/train/GT/000546.npy,128->256,cluster_2
data/raw/train/NoisyLR/000548.npy,data/raw/train/GT/000548.npy,128->256,cluster_1
data/raw/train/NoisyLR/000549.npy,data/raw/train/GT/000549.npy,128->256,cluster_0
data/raw/train/NoisyLR/000550.npy,data/raw/train/GT/000550.npy,128->256,cluster_0
data/raw/train/NoisyLR/000551.npy,data/raw/train/GT/000551.npy,128->256,cluster_0
data/raw/train/NoisyLR/000552.npy,data/raw/train/GT/000552.npy,128->256,cluster_1
data/raw/train/NoisyLR/000554.npy,data/raw/train/GT/000554.npy,128->256,cluster_2
data/raw/train/NoisyLR/000556.npy,data/raw/train/GT/000556.npy,128->256,cluster_0
data/raw/train/NoisyLR/000557.npy,data/raw/train/GT/000557.npy,128->256,cluster_1
data/raw/train/NoisyLR/000558.npy,data/raw/train/GT/000558.npy,128->256,cluster_1
data/raw/train/NoisyLR/000559.npy,data/raw/train/GT/000559.npy,128->256,cluster_1
data/raw/train/NoisyLR/000560.npy,data/raw/train/GT/000560.npy,128->256,cluster_2
data/raw/train/NoisyLR/000561.npy,data/raw/train/GT/000561.npy,128->256,cluster_2
data/raw/train/NoisyLR/000562.npy,data/raw/train/GT/000562.npy,128->256,cluster_2
data/raw/train/NoisyLR/000563.npy,data/raw/train/GT/000563.npy,128->256,cluster_2
data/raw/train/NoisyLR/000564.npy,data/raw/train/GT/000564.npy,128->256,cluster_1
data/raw/train/NoisyLR/000565.npy,data/raw/train/GT/000565.npy,128->256,cluster_1
data/raw/train/NoisyLR/000566.npy,data/raw/train/GT/000566.npy,128->256,cluster_1
data/raw/train/NoisyLR/000567.npy,data/raw/train/GT/000567.npy,128->256,cluster_1
data/raw/train/NoisyLR/000568.npy,data/raw/train/GT/000568.npy,128->256,cluster_2
data/raw/train/NoisyLR/000569.npy,data/raw/train/GT/000569.npy,128->256,cluster_2
data/raw/train/NoisyLR/000570.npy,data/raw/train/GT/000570.npy,128->256,cluster_2
data/raw/train/NoisyLR/000572.npy,data/raw/train/GT/000572.npy,128->256,cluster_0
data/raw/train/NoisyLR/000573.npy,data/raw/train/GT/000573.npy,128->256,cluster_1
data/raw/train/NoisyLR/000574.npy,data/raw/train/GT/000574.npy,128->256,cluster_1
data/raw/train/NoisyLR/000575.npy,data/raw/train/GT/000575.npy,128->256,cluster_1
data/raw/train/NoisyLR/000576.npy,data/raw/train/GT/000576.npy,128->256,cluster_2
data/raw/train/NoisyLR/000577.npy,data/raw/train/GT/000577.npy,128->256,cluster_1
data/raw/train/NoisyLR/000578.npy,data/raw/train/GT/000578.npy,128->256,cluster_2
data/raw/train/NoisyLR/000579.npy,data/raw/train/GT/000579.npy,128->256,cluster_1
data/raw/train/NoisyLR/000580.npy,data/raw/train/GT/000580.npy,128->256,cluster_1
data/raw/train/NoisyLR/000581.npy,data/raw/train/GT/000581.npy,128->256,cluster_2
data/raw/train/NoisyLR/000583.npy,data/raw/train/GT/000583.npy,128->256,cluster_2
data/raw/train/NoisyLR/000584.npy,data/raw/train/GT/000584.npy,128->256,cluster_0
data/raw/train/NoisyLR/000585.npy,data/raw/train/GT/000585.npy,128->256,cluster_0
data/raw/train/NoisyLR/000586.npy,data/raw/train/GT/000586.npy,128->256,cluster_0
data/raw/train/NoisyLR/000587.npy,data/raw/train/GT/000587.npy,128->256,cluster_0
data/raw/train/NoisyLR/000589.npy,data/raw/train/GT/000589.npy,128->256,cluster_1
data/raw/train/NoisyLR/000590.npy,data/raw/train/GT/000590.npy,128->256,cluster_1
data/raw/train/NoisyLR/000591.npy,data/raw/train/GT/000591.npy,128->256,cluster_1
data/raw/train/NoisyLR/000593.npy,data/raw/train/GT/000593.npy,128->256,cluster_1
data/raw/train/NoisyLR/000594.npy,data/raw/train/GT/000594.npy,128->256,cluster_1
data/raw/train/NoisyLR/000595.npy,data/raw/train/GT/000595.npy,128->256,cluster_1
data/raw/train/NoisyLR/000596.npy,data/raw/train/GT/000596.npy,128->256,cluster_1
data/raw/train/NoisyLR/000597.npy,data/raw/train/GT/000597.npy,128->256,cluster_1
data/raw/train/NoisyLR/000598.npy,data/raw/train/GT/000598.npy,128->256,cluster_0
data/raw/train/NoisyLR/000599.npy,data/raw/train/GT/000599.npy,128->256,cluster_0
data/raw/train/NoisyLR/000600.npy,data/raw/train/GT/000600.npy,128->256,cluster_2
data/raw/train/NoisyLR/000601.npy,data/raw/train/GT/000601.npy,128->256,cluster_0
data/raw/train/NoisyLR/000602.npy,data/raw/train/GT/000602.npy,128->256,cluster_0
data/raw/train/NoisyLR/000603.npy,data/raw/train/GT/000603.npy,128->256,cluster_2
data/raw/train/NoisyLR/000604.npy,data/raw/train/GT/000604.npy,128->256,cluster_2
data/raw/train/NoisyLR/000605.npy,data/raw/train/GT/000605.npy,128->256,cluster_2
data/raw/train/NoisyLR/000607.npy,data/raw/train/GT/000607.npy,128->256,cluster_2
data/raw/train/NoisyLR/000608.npy,data/raw/train/GT/000608.npy,128->256,cluster_2
data/raw/train/NoisyLR/000609.npy,data/raw/train/GT/000609.npy,128->256,cluster_0
data/raw/train/NoisyLR/000610.npy,data/raw/train/GT/000610.npy,128->256,cluster_0
data/raw/train/NoisyLR/000611.npy,data/raw/train/GT/000611.npy,128->256,cluster_0
data/raw/train/NoisyLR/000612.npy,data/raw/train/GT/000612.npy,128->256,cluster_0
data/raw/train/NoisyLR/000613.npy,data/raw/train/GT/000613.npy,128->256,cluster_0
data/raw/train/NoisyLR/000614.npy,data/raw/train/GT/000614.npy,128->256,cluster_0
data/raw/train/NoisyLR/000615.npy,data/raw/train/GT/000615.npy,128->256,cluster_0
data/raw/train/NoisyLR/000616.npy,data/raw/train/GT/000616.npy,128->256,cluster_1
data/raw/train/NoisyLR/000617.npy,data/raw/train/GT/000617.npy,128->256,cluster_1
data/raw/train/NoisyLR/000618.npy,data/raw/train/GT/000618.npy,128->256,cluster_1
data/raw/train/NoisyLR/000619.npy,data/raw/train/GT/000619.npy,128->256,cluster_1
data/raw/train/NoisyLR/000620.npy,data/raw/train/GT/000620.npy,128->256,cluster_1
data/raw/train/NoisyLR/000621.npy,data/raw/train/GT/000621.npy,128->256,cluster_1
data/raw/train/NoisyLR/000622.npy,data/raw/train/GT/000622.npy,128->256,cluster_1
data/raw/train/NoisyLR/000623.npy,data/raw/train/GT/000623.npy,128->256,cluster_1
data/raw/train/NoisyLR/000624.npy,data/raw/train/GT/000624.npy,128->256,cluster_0
data/raw/train/NoisyLR/000625.npy,data/raw/train/GT/000625.npy,128->256,cluster_2
data/raw/train/NoisyLR/000629.npy,data/raw/train/GT/000629.npy,128->256,cluster_1
data/raw/train/NoisyLR/000630.npy,data/raw/train/GT/000630.npy,128->256,cluster_1
data/raw/train/NoisyLR/000631.npy,data/raw/train/GT/000631.npy,128->256,cluster_1
data/raw/train/NoisyLR/000633.npy,data/raw/train/GT/000633.npy,128->256,cluster_0
data/raw/train/NoisyLR/000634.npy,data/raw/train/GT/000634.npy,128->256,cluster_0
data/raw/train/NoisyLR/000635.npy,data/raw/train/GT/000635.npy,128->256,cluster_0
data/raw/train/NoisyLR/000636.npy,data/raw/train/GT/000636.npy,128->256,cluster_0
data/raw/train/NoisyLR/000637.npy,data/raw/train/GT/000637.npy,128->256,cluster_0
data/raw/train/NoisyLR/000638.npy,data/raw/train/GT/000638.npy,128->256,cluster_0
data/raw/train/NoisyLR/000639.npy,data/raw/train/GT/000639.npy,128->256,cluster_0
data/raw/train/NoisyLR/000641.npy,data/raw/train/GT/000641.npy,128->256,cluster_1
data/raw/train/NoisyLR/000642.npy,data/raw/train/GT/000642.npy,128->256,cluster_1
data/raw/train/NoisyLR/000643.npy,data/raw/train/GT/000643.npy,128->256,cluster_1
data/raw/train/NoisyLR/000644.npy,data/raw/train/GT/000644.npy,128->256,cluster_1
data/raw/train/NoisyLR/000645.npy,data/raw/train/GT/000645.npy,128->256,cluster_1
data/raw/train/NoisyLR/000646.npy,data/raw/train/GT/000646.npy,128->256,cluster_1
data/raw/train/NoisyLR/000647.npy,data/raw/train/GT/000647.npy,128->256,cluster_1
data/raw/train/NoisyLR/000649.npy,data/raw/train/GT/000649.npy,128->256,cluster_0
data/raw/train/NoisyLR/000650.npy,data/raw/train/GT/000650.npy,128->256,cluster_0
data/raw/train/NoisyLR/000651.npy,data/raw/train/GT/000651.npy,128->256,cluster_0
data/raw/train/NoisyLR/000652.npy,data/raw/train/GT/000652.npy,128->256,cluster_0
data/raw/train/NoisyLR/000653.npy,data/raw/train/GT/000653.npy,128->256,cluster_0
data/raw/train/NoisyLR/000654.npy,data/raw/train/GT/000654.npy,128->256,cluster_0
data/raw/train/NoisyLR/000655.npy,data/raw/train/GT/000655.npy,128->256,cluster_0
data/raw/train/NoisyLR/000656.npy,data/raw/train/GT/000656.npy,128->256,cluster_2
data/raw/train/NoisyLR/000657.npy,data/raw/train/GT/000657.npy,128->256,cluster_1
data/raw/train/NoisyLR/000658.npy,data/raw/train/GT/000658.npy,128->256,cluster_1
data/raw/train/NoisyLR/000659.npy,data/raw/train/GT/000659.npy,128->256,cluster_1
data/raw/train/NoisyLR/000660.npy,data/raw/train/GT/000660.npy,128->256,cluster_0
data/raw/train/NoisyLR/000662.npy,data/raw/train/GT/000662.npy,128->256,cluster_2
data/raw/train/NoisyLR/000663.npy,data/raw/train/GT/000663.npy,128->256,cluster_2
data/raw/train/NoisyLR/000665.npy,data/raw/train/GT/000665.npy,128->256,cluster_0
data/raw/train/NoisyLR/000666.npy,data/raw/train/GT/000666.npy,128->256,cluster_0
data/raw/train/NoisyLR/000667.npy,data/raw/train/GT/000667.npy,128->256,cluster_0
data/raw/train/NoisyLR/000668.npy,data/raw/train/GT/000668.npy,128->256,cluster_1
data/raw/train/NoisyLR/000669.npy,data/raw/train/GT/000669.npy,128->256,cluster_1
data/raw/train/NoisyLR/000670.npy,data/raw/train/GT/000670.npy,128->256,cluster_2
data/raw/train/NoisyLR/000671.npy,data/raw/train/GT/000671.npy,128->256,cluster_1
data/raw/train/NoisyLR/000672.npy,data/raw/train/GT/000672.npy,128->256,cluster_2
data/raw/train/NoisyLR/000674.npy,data/raw/train/GT/000674.npy,128->256,cluster_2
data/raw/train/NoisyLR/000676.npy,data/raw/train/GT/000676.npy,128->256,cluster_2
data/raw/train/NoisyLR/000677.npy,data/raw/train/GT/000677.npy,128->256,cluster_2
data/raw/train/NoisyLR/000678.npy,data/raw/train/GT/000678.npy,128->256,cluster_2
data/raw/train/NoisyLR/000681.npy,data/raw/train/GT/000681.npy,128->256,cluster_2
data/raw/train/NoisyLR/000682.npy,data/raw/train/GT/000682.npy,128->256,cluster_2
data/raw/train/NoisyLR/000684.npy,data/raw/train/GT/000684.npy,128->256,cluster_2
data/raw/train/NoisyLR/000685.npy,data/raw/train/GT/000685.npy,128->256,cluster_2
data/raw/train/NoisyLR/000686.npy,data/raw/train/GT/000686.npy,128->256,cluster_1
data/raw/train/NoisyLR/000687.npy,data/raw/train/GT/000687.npy,128->256,cluster_1
data/raw/train/NoisyLR/000688.npy,data/raw/train/GT/000688.npy,128->256,cluster_2
data/raw/train/NoisyLR/000690.npy,data/raw/train/GT/000690.npy,128->256,cluster_2
data/raw/train/NoisyLR/000692.npy,data/raw/train/GT/000692.npy,128->256,cluster_2
data/raw/train/NoisyLR/000693.npy,data/raw/train/GT/000693.npy,128->256,cluster_0
data/raw/train/NoisyLR/000694.npy,data/raw/train/GT/000694.npy,128->256,cluster_0
data/raw/train/NoisyLR/000695.npy,data/raw/train/GT/000695.npy,128->256,cluster_0
data/raw/train/NoisyLR/000696.npy,data/raw/train/GT/000696.npy,128->256,cluster_1
data/raw/train/NoisyLR/000697.npy,data/raw/train/GT/000697.npy,128->256,cluster_1
data/raw/train/NoisyLR/000698.npy,data/raw/train/GT/000698.npy,128->256,cluster_1
data/raw/train/NoisyLR/000699.npy,data/raw/train/GT/000699.npy,128->256,cluster_1
data/raw/train/NoisyLR/000701.npy,data/raw/train/GT/000701.npy,128->256,cluster_0
data/raw/train/NoisyLR/000702.npy,data/raw/train/GT/000702.npy,128->256,cluster_0
data/raw/train/NoisyLR/000703.npy,data/raw/train/GT/000703.npy,128->256,cluster_0
data/raw/train/NoisyLR/000704.npy,data/raw/train/GT/000704.npy,128->256,cluster_2
data/raw/train/NoisyLR/000705.npy,data/raw/train/GT/000705.npy,128->256,cluster_0
data/raw/train/NoisyLR/000706.npy,data/raw/train/GT/000706.npy,128->256,cluster_0
data/raw/train/NoisyLR/000707.npy,data/raw/train/GT/000707.npy,128->256,cluster_0
data/raw/train/NoisyLR/000708.npy,data/raw/train/GT/000708.npy,128->256,cluster_2
data/raw/train/NoisyLR/000709.npy,data/raw/train/GT/000709.npy,128->256,cluster_0
data/raw/train/NoisyLR/000710.npy,data/raw/train/GT/000710.npy,128->256,cluster_0
data/raw/train/NoisyLR/000711.npy,data/raw/train/GT/000711.npy,128->256,cluster_0
data/raw/train/NoisyLR/000712.npy,data/raw/train/GT/000712.npy,128->256,cluster_2
data/raw/train/NoisyLR/000713.npy,data/raw/train/GT/000713.npy,128->256,cluster_0
data/raw/train/NoisyLR/000716.npy,data/raw/train/GT/000716.npy,128->256,cluster_0
data/raw/train/NoisyLR/000717.npy,data/raw/train/GT/000717.npy,128->256,cluster_2
data/raw/train/NoisyLR/000718.npy,data/raw/train/GT/000718.npy,128->256,cluster_2
data/raw/train/NoisyLR/000720.npy,data/raw/train/GT/000720.npy,128->256,cluster_0
data/raw/train/NoisyLR/000721.npy,data/raw/train/GT/000721.npy,128->256,cluster_0
data/raw/train/NoisyLR/000722.npy,data/raw/train/GT/000722.npy,128->256,cluster_0
data/raw/train/NoisyLR/000723.npy,data/raw/train/GT/000723.npy,128->256,cluster_0
data/raw/train/NoisyLR/000724.npy,data/raw/train/GT/000724.npy,128->256,cluster_0
data/raw/train/NoisyLR/000725.npy,data/raw/train/GT/000725.npy,128->256,cluster_0
data/raw/train/NoisyLR/000726.npy,data/raw/train/GT/000726.npy,128->256,cluster_0
data/raw/train/NoisyLR/000727.npy,data/raw/train/GT/000727.npy,128->256,cluster_0
data/raw/train/NoisyLR/000728.npy,data/raw/train/GT/000728.npy,128->256,cluster_1
data/raw/train/NoisyLR/000730.npy,data/raw/train/GT/000730.npy,128->256,cluster_0
data/raw/train/NoisyLR/000733.npy,data/raw/train/GT/000733.npy,128->256,cluster_1
data/raw/train/NoisyLR/000734.npy,data/raw/train/GT/000734.npy,128->256,cluster_1
data/raw/train/NoisyLR/000735.npy,data/raw/train/GT/000735.npy,128->256,cluster_1
data/raw/train/NoisyLR/000736.npy,data/raw/train/GT/000736.npy,128->256,cluster_2
data/raw/train/NoisyLR/000737.npy,data/raw/train/GT/000737.npy,128->256,cluster_1
data/raw/train/NoisyLR/000738.npy,data/raw/train/GT/000738.npy,128->256,cluster_2
data/raw/train/NoisyLR/000739.npy,data/raw/train/GT/000739.npy,128->256,cluster_2
data/raw/train/NoisyLR/000740.npy,data/raw/train/GT/000740.npy,128->256,cluster_0
data/raw/train/NoisyLR/000741.npy,data/raw/train/GT/000741.npy,128->256,cluster_1
data/raw/train/NoisyLR/000742.npy,data/raw/train/GT/000742.npy,128->256,cluster_1
data/raw/train/NoisyLR/000743.npy,data/raw/train/GT/000743.npy,128->256,cluster_1
data/raw/train/NoisyLR/000744.npy,data/raw/train/GT/000744.npy,128->256,cluster_0
data/raw/train/NoisyLR/000745.npy,data/raw/train/GT/000745.npy,128->256,cluster_1
data/raw/train/NoisyLR/000746.npy,data/raw/train/GT/000746.npy,128->256,cluster_1
data/raw/train/NoisyLR/000747.npy,data/raw/train/GT/000747.npy,128->256,cluster_1
data/raw/train/NoisyLR/000749.npy,data/raw/train/GT/000749.npy,128->256,cluster_0
data/raw/train/NoisyLR/000750.npy,data/raw/train/GT/000750.npy,128->256,cluster_0
data/raw/train/NoisyLR/000751.npy,data/raw/train/GT/000751.npy,128->256,cluster_0
data/raw/train/NoisyLR/000752.npy,data/raw/train/GT/000752.npy,128->256,cluster_0
data/raw/train/NoisyLR/000753.npy,data/raw/train/GT/000753.npy,128->256,cluster_1
data/raw/train/NoisyLR/000754.npy,data/raw/train/GT/000754.npy,128->256,cluster_2
data/raw/train/NoisyLR/000756.npy,data/raw/train/GT/000756.npy,128->256,cluster_0
data/raw/train/NoisyLR/000757.npy,data/raw/train/GT/000757.npy,128->256,cluster_2
data/raw/train/NoisyLR/000758.npy,data/raw/train/GT/000758.npy,128->256,cluster_2
data/raw/train/NoisyLR/000759.npy,data/raw/train/GT/000759.npy,128->256,cluster_0
data/raw/train/NoisyLR/000760.npy,data/raw/train/GT/000760.npy,128->256,cluster_1
data/raw/train/NoisyLR/000761.npy,data/raw/train/GT/000761.npy,128->256,cluster_1
data/raw/train/NoisyLR/000762.npy,data/raw/train/GT/000762.npy,128->256,cluster_1
data/raw/train/NoisyLR/000763.npy,data/raw/train/GT/000763.npy,128->256,cluster_1
data/raw/train/NoisyLR/000765.npy,data/raw/train/GT/000765.npy,128->256,cluster_0
data/raw/train/NoisyLR/000766.npy,data/raw/train/GT/000766.npy,128->256,cluster_0
data/raw/train/NoisyLR/000767.npy,data/raw/train/GT/000767.npy,128->256,cluster_0
data/raw/train/NoisyLR/000769.npy,data/raw/train/GT/000769.npy,128->256,cluster_0
data/raw/train/NoisyLR/000770.npy,data/raw/train/GT/000770.npy,128->256,cluster_0
data/raw/train/NoisyLR/000771.npy,data/raw/train/GT/000771.npy,128->256,cluster_0
data/raw/train/NoisyLR/000773.npy,data/raw/train/GT/000773.npy,128->256,cluster_0
data/raw/train/NoisyLR/000774.npy,data/raw/train/GT/000774.npy,128->256,cluster_0
data/raw/train/NoisyLR/000775.npy,data/raw/train/GT/000775.npy,128->256,cluster_0
data/raw/train/NoisyLR/000776.npy,data/raw/train/GT/000776.npy,128->256,cluster_1
data/raw/train/NoisyLR/000777.npy,data/raw/train/GT/000777.npy,128->256,cluster_1
data/raw/train/NoisyLR/000778.npy,data/raw/train/GT/000778.npy,128->256,cluster_1
data/raw/train/NoisyLR/000779.npy,data/raw/train/GT/000779.npy,128->256,cluster_1
data/raw/train/NoisyLR/000780.npy,data/raw/train/GT/000780.npy,128->256,cluster_2
data/raw/train/NoisyLR/000781.npy,data/raw/train/GT/000781.npy,128->256,cluster_1
data/raw/train/NoisyLR/000782.npy,data/raw/train/GT/000782.npy,128->256,cluster_1
data/raw/train/NoisyLR/000783.npy,data/raw/train/GT/000783.npy,128->256,cluster_1
data/raw/train/NoisyLR/000784.npy,data/raw/train/GT/000784.npy,128->256,cluster_2
data/raw/train/NoisyLR/000785.npy,data/raw/train/GT/000785.npy,128->256,cluster_0
data/raw/train/NoisyLR/000786.npy,data/raw/train/GT/000786.npy,128->256,cluster_0
data/raw/train/NoisyLR/000787.npy,data/raw/train/GT/000787.npy,128->256,cluster_0
data/raw/train/NoisyLR/000788.npy,data/raw/train/GT/000788.npy,128->256,cluster_1
data/raw/train/NoisyLR/000789.npy,data/raw/train/GT/000789.npy,128->256,cluster_2
data/raw/train/NoisyLR/000792.npy,data/raw/train/GT/000792.npy,128->256,cluster_1
data/raw/train/NoisyLR/000793.npy,data/raw/train/GT/000793.npy,128->256,cluster_0
data/raw/train/NoisyLR/000794.npy,data/raw/train/GT/000794.npy,128->256,cluster_0
data/raw/train/NoisyLR/000795.npy,data/raw/train/GT/000795.npy,128->256,cluster_0
data/raw/train/NoisyLR/000796.npy,data/raw/train/GT/000796.npy,128->256,cluster_1
data/raw/train/NoisyLR/000797.npy,data/raw/train/GT/000797.npy,128->256,cluster_0
data/raw/train/NoisyLR/000798.npy,data/raw/train/GT/000798.npy,128->256,cluster_0
data/raw/train/NoisyLR/000799.npy,data/raw/train/GT/000799.npy,128->256,cluster_0
data/raw/train/NoisyLR/000800.npy,data/raw/train/GT/000800.npy,128->256,cluster_1
data/raw/train/NoisyLR/000801.npy,data/raw/train/GT/000801.npy,128->256,cluster_2
data/raw/train/NoisyLR/000802.npy,data/raw/train/GT/000802.npy,128->256,cluster_1
data/raw/train/NoisyLR/000803.npy,data/raw/train/GT/000803.npy,128->256,cluster_2
data/raw/train/NoisyLR/000804.npy,data/raw/train/GT/000804.npy,128->256,cluster_2
data/raw/train/NoisyLR/000805.npy,data/raw/train/GT/000805.npy,128->256,cluster_0
data/raw/train/NoisyLR/000806.npy,data/raw/train/GT/000806.npy,128->256,cluster_2
data/raw/train/NoisyLR/000807.npy,data/raw/train/GT/000807.npy,128->256,cluster_0
data/raw/train/NoisyLR/000808.npy,data/raw/train/GT/000808.npy,128->256,cluster_0
data/raw/train/NoisyLR/000809.npy,data/raw/train/GT/000809.npy,128->256,cluster_1
data/raw/train/NoisyLR/000810.npy,data/raw/train/GT/000810.npy,128->256,cluster_1
data/raw/train/NoisyLR/000811.npy,data/raw/train/GT/000811.npy,128->256,cluster_1
data/raw/train/NoisyLR/000812.npy,data/raw/train/GT/000812.npy,128->256,cluster_0
data/raw/train/NoisyLR/000813.npy,data/raw/train/GT/000813.npy,128->256,cluster_0
data/raw/train/NoisyLR/000814.npy,data/raw/train/GT/000814.npy,128->256,cluster_0
data/raw/train/NoisyLR/000815.npy,data/raw/train/GT/000815.npy,128->256,cluster_2
data/raw/train/NoisyLR/000816.npy,data/raw/train/GT/000816.npy,128->256,cluster_0
data/raw/train/NoisyLR/000817.npy,data/raw/train/GT/000817.npy,128->256,cluster_0
data/raw/train/NoisyLR/000818.npy,data/raw/train/GT/000818.npy,128->256,cluster_0
data/raw/train/NoisyLR/000819.npy,data/raw/train/GT/000819.npy,128->256,cluster_0
data/raw/train/NoisyLR/000820.npy,data/raw/train/GT/000820.npy,128->256,cluster_2
data/raw/train/NoisyLR/000821.npy,data/raw/train/GT/000821.npy,128->256,cluster_0
data/raw/train/NoisyLR/000822.npy,data/raw/train/GT/000822.npy,128->256,cluster_0
data/raw/train/NoisyLR/000823.npy,data/raw/train/GT/000823.npy,128->256,cluster_0
data/raw/train/NoisyLR/000824.npy,data/raw/train/GT/000824.npy,128->256,cluster_0
data/raw/train/NoisyLR/000825.npy,data/raw/train/GT/000825.npy,128->256,cluster_0
data/raw/train/NoisyLR/000826.npy,data/raw/train/GT/000826.npy,128->256,cluster_0
data/raw/train/NoisyLR/000827.npy,data/raw/train/GT/000827.npy,128->256,cluster_0
data/raw/train/NoisyLR/000829.npy,data/raw/train/GT/000829.npy,128->256,cluster_0
data/raw/train/NoisyLR/000830.npy,data/raw/train/GT/000830.npy,128->256,cluster_0
data/raw/train/NoisyLR/000831.npy,data/raw/train/GT/000831.npy,128->256,cluster_0
data/raw/train/NoisyLR/000834.npy,data/raw/train/GT/000834.npy,128->256,cluster_2
data/raw/train/NoisyLR/000836.npy,data/raw/train/GT/000836.npy,128->256,cluster_0
data/raw/train/NoisyLR/000837.npy,data/raw/train/GT/000837.npy,128->256,cluster_0
data/raw/train/NoisyLR/000838.npy,data/raw/train/GT/000838.npy,128->256,cluster_0
data/raw/train/NoisyLR/000839.npy,data/raw/train/GT/000839.npy,128->256,cluster_0
data/raw/train/NoisyLR/000840.npy,data/raw/train/GT/000840.npy,128->256,cluster_2
data/raw/train/NoisyLR/000841.npy,data/raw/train/GT/000841.npy,128->256,cluster_2
data/raw/train/NoisyLR/000844.npy,data/raw/train/GT/000844.npy,128->256,cluster_0
data/raw/train/NoisyLR/000845.npy,data/raw/train/GT/000845.npy,128->256,cluster_0
data/raw/train/NoisyLR/000846.npy,data/raw/train/GT/000846.npy,128->256,cluster_0
data/raw/train/NoisyLR/000847.npy,data/raw/train/GT/000847.npy,128->256,cluster_0
data/raw/train/NoisyLR/000848.npy,data/raw/train/GT/000848.npy,128->256,cluster_2
data/raw/train/NoisyLR/000849.npy,data/raw/train/GT/000849.npy,128->256,cluster_2
data/raw/train/NoisyLR/000850.npy,data/raw/train/GT/000850.npy,128->256,cluster_2
data/raw/train/NoisyLR/000852.npy,data/raw/train/GT/000852.npy,128->256,cluster_0
data/raw/train/NoisyLR/000854.npy,data/raw/train/GT/000854.npy,128->256,cluster_2
data/raw/train/NoisyLR/000855.npy,data/raw/train/GT/000855.npy,128->256,cluster_2
data/raw/train/NoisyLR/000857.npy,data/raw/train/GT/000857.npy,128->256,cluster_1
data/raw/train/NoisyLR/000858.npy,data/raw/train/GT/000858.npy,128->256,cluster_1
data/raw/train/NoisyLR/000859.npy,data/raw/train/GT/000859.npy,128->256,cluster_1
data/raw/train/NoisyLR/000860.npy,data/raw/train/GT/000860.npy,128->256,cluster_0
data/raw/train/NoisyLR/000861.npy,data/raw/train/GT/000861.npy,128->256,cluster_1
data/raw/train/NoisyLR/000862.npy,data/raw/train/GT/000862.npy,128->256,cluster_1
data/raw/train/NoisyLR/000863.npy,data/raw/train/GT/000863.npy,128->256,cluster_1
data/raw/train/NoisyLR/000865.npy,data/raw/train/GT/000865.npy,128->256,cluster_1
data/raw/train/NoisyLR/000866.npy,data/raw/train/GT/000866.npy,128->256,cluster_1
data/raw/train/NoisyLR/000867.npy,data/raw/train/GT/000867.npy,128->256,cluster_1
data/raw/train/NoisyLR/000869.npy,data/raw/train/GT/000869.npy,128->256,cluster_1
data/raw/train/NoisyLR/000870.npy,data/raw/train/GT/000870.npy,128->256,cluster_1
data/raw/train/NoisyLR/000871.npy,data/raw/train/GT/000871.npy,128->256,cluster_1
data/raw/train/NoisyLR/000873.npy,data/raw/train/GT/000873.npy,128->256,cluster_0
data/raw/train/NoisyLR/000874.npy,data/raw/train/GT/000874.npy,128->256,cluster_0
data/raw/train/NoisyLR/000875.npy,data/raw/train/GT/000875.npy,128->256,cluster_0
data/raw/train/NoisyLR/000876.npy,data/raw/train/GT/000876.npy,128->256,cluster_2
data/raw/train/NoisyLR/000877.npy,data/raw/train/GT/000877.npy,128->256,cluster_0
data/raw/train/NoisyLR/000878.npy,data/raw/train/GT/000878.npy,128->256,cluster_0
data/raw/train/NoisyLR/000879.npy,data/raw/train/GT/000879.npy,128->256,cluster_0
data/raw/train/NoisyLR/000881.npy,data/raw/train/GT/000881.npy,128->256,cluster_0
data/raw/train/NoisyLR/000882.npy,data/raw/train/GT/000882.npy,128->256,cluster_0
data/raw/train/NoisyLR/000883.npy,data/raw/train/GT/000883.npy,128->256,cluster_0
data/raw/train/NoisyLR/000884.npy,data/raw/train/GT/000884.npy,128->256,cluster_0
data/raw/train/NoisyLR/000885.npy,data/raw/train/GT/000885.npy,128->256,cluster_0
data/raw/train/NoisyLR/000886.npy,data/raw/train/GT/000886.npy,128->256,cluster_0
data/raw/train/NoisyLR/000887.npy,data/raw/train/GT/000887.npy,128->256,cluster_0
data/raw/train/NoisyLR/000888.npy,data/raw/train/GT/000888.npy,128->256,cluster_1
data/raw/train/NoisyLR/000889.npy,data/raw/train/GT/000889.npy,128->256,cluster_2
data/raw/train/NoisyLR/000890.npy,data/raw/train/GT/000890.npy,128->256,cluster_1
data/raw/train/NoisyLR/000892.npy,data/raw/train/GT/000892.npy,128->256,cluster_0
data/raw/train/NoisyLR/000893.npy,data/raw/train/GT/000893.npy,128->256,cluster_1
data/raw/train/NoisyLR/000894.npy,data/raw/train/GT/000894.npy,128->256,cluster_1
data/raw/train/NoisyLR/000895.npy,data/raw/train/GT/000895.npy,128->256,cluster_1
data/raw/train/NoisyLR/000896.npy,data/raw/train/GT/000896.npy,128->256,cluster_2
data/raw/train/NoisyLR/000898.npy,data/raw/train/GT/000898.npy,128->256,cluster_1
data/raw/train/NoisyLR/000899.npy,data/raw/train/GT/000899.npy,128->256,cluster_1
data/raw/train/NoisyLR/000900.npy,data/raw/train/GT/000900.npy,128->256,cluster_1
data/raw/train/NoisyLR/000901.npy,data/raw/train/GT/000901.npy,128->256,cluster_0
data/raw/train/NoisyLR/000902.npy,data/raw/train/GT/000902.npy,128->256,cluster_0
data/raw/train/NoisyLR/000903.npy,data/raw/train/GT/000903.npy,128->256,cluster_0
data/raw/train/NoisyLR/000904.npy,data/raw/train/GT/000904.npy,128->256,cluster_0
data/raw/train/NoisyLR/000905.npy,data/raw/train/GT/000905.npy,128->256,cluster_1
data/raw/train/NoisyLR/000906.npy,data/raw/train/GT/000906.npy,128->256,cluster_1
data/raw/train/NoisyLR/000907.npy,data/raw/train/GT/000907.npy,128->256,cluster_1
data/raw/train/NoisyLR/000908.npy,data/raw/train/GT/000908.npy,128->256,cluster_0
data/raw/train/NoisyLR/000909.npy,data/raw/train/GT/000909.npy,128->256,cluster_0
data/raw/train/NoisyLR/000910.npy,data/raw/train/GT/000910.npy,128->256,cluster_0
data/raw/train/NoisyLR/000911.npy,data/raw/train/GT/000911.npy,128->256,cluster_0
data/raw/train/NoisyLR/000912.npy,data/raw/train/GT/000912.npy,128->256,cluster_1
data/raw/train/NoisyLR/000913.npy,data/raw/train/GT/000913.npy,128->256,cluster_0
data/raw/train/NoisyLR/000914.npy,data/raw/train/GT/000914.npy,128->256,cluster_0
data/raw/train/NoisyLR/000915.npy,data/raw/train/GT/000915.npy,128->256,cluster_0
data/raw/train/NoisyLR/000917.npy,data/raw/train/GT/000917.npy,128->256,cluster_1
data/raw/train/NoisyLR/000918.npy,data/raw/train/GT/000918.npy,128->256,cluster_1
data/raw/train/NoisyLR/000919.npy,data/raw/train/GT/000919.npy,128->256,cluster_1
data/raw/train/NoisyLR/000920.npy,data/raw/train/GT/000920.npy,128->256,cluster_0
data/raw/train/NoisyLR/000922.npy,data/raw/train/GT/000922.npy,128->256,cluster_2
data/raw/train/NoisyLR/000924.npy,data/raw/train/GT/000924.npy,128->256,cluster_2
data/raw/train/NoisyLR/000925.npy,data/raw/train/GT/000925.npy,128->256,cluster_0
data/raw/train/NoisyLR/000926.npy,data/raw/train/GT/000926.npy,128->256,cluster_0
data/raw/train/NoisyLR/000927.npy,data/raw/train/GT/000927.npy,128->256,cluster_0
data/raw/train/NoisyLR/000928.npy,data/raw/train/GT/000928.npy,128->256,cluster_1
data/raw/train/NoisyLR/000929.npy,data/raw/train/GT/000929.npy,128->256,cluster_1
data/raw/train/NoisyLR/000930.npy,data/raw/train/GT/000930.npy,128->256,cluster_2
data/raw/train/NoisyLR/000933.npy,data/raw/train/GT/000933.npy,128->256,cluster_0
data/raw/train/NoisyLR/000934.npy,data/raw/train/GT/000934.npy,128->256,cluster_0
data/raw/train/NoisyLR/000935.npy,data/raw/train/GT/000935.npy,128->256,cluster_0
data/raw/train/NoisyLR/000936.npy,data/raw/train/GT/000936.npy,128->256,cluster_0
data/raw/train/NoisyLR/000937.npy,data/raw/train/GT/000937.npy,128->256,cluster_0
data/raw/train/NoisyLR/000938.npy,data/raw/train/GT/000938.npy,128->256,cluster_1
data/raw/train/NoisyLR/000939.npy,data/raw/train/GT/000939.npy,128->256,cluster_0
data/raw/train/NoisyLR/000940.npy,data/raw/train/GT/000940.npy,128->256,cluster_0
data/raw/train/NoisyLR/000947.npy,data/raw/train/GT/000947.npy,128->256,cluster_2
data/raw/train/NoisyLR/000948.npy,data/raw/train/GT/000948.npy,128->256,cluster_1
data/raw/train/NoisyLR/000949.npy,data/raw/train/GT/000949.npy,128->256,cluster_0
data/raw/train/NoisyLR/000950.npy,data/raw/train/GT/000950.npy,128->256,cluster_0
data/raw/train/NoisyLR/000951.npy,data/raw/train/GT/000951.npy,128->256,cluster_0
data/raw/train/NoisyLR/000952.npy,data/raw/train/GT/000952.npy,128->256,cluster_1
data/raw/train/NoisyLR/000953.npy,data/raw/train/GT/000953.npy,128->256,cluster_1
data/raw/train/NoisyLR/000954.npy,data/raw/train/GT/000954.npy,128->256,cluster_1
data/raw/train/NoisyLR/000955.npy,data/raw/train/GT/000955.npy,128->256,cluster_1
data/raw/train/NoisyLR/000957.npy,data/raw/train/GT/000957.npy,128->256,cluster_2
data/raw/train/NoisyLR/000959.npy,data/raw/train/GT/000959.npy,128->256,cluster_2
data/raw/train/NoisyLR/000960.npy,data/raw/train/GT/000960.npy,128->256,cluster_0
data/raw/train/NoisyLR/000963.npy,data/raw/train/GT/000963.npy,128->256,cluster_2
data/raw/train/NoisyLR/000965.npy,data/raw/train/GT/000965.npy,128->256,cluster_0
data/raw/train/NoisyLR/000966.npy,data/raw/train/GT/000966.npy,128->256,cluster_0
data/raw/train/NoisyLR/000967.npy,data/raw/train/GT/000967.npy,128->256,cluster_0
data/raw/train/NoisyLR/000968.npy,data/raw/train/GT/000968.npy,128->256,cluster_0
data/raw/train/NoisyLR/000969.npy,data/raw/train/GT/000969.npy,128->256,cluster_2
data/raw/train/NoisyLR/000971.npy,data/raw/train/GT/000971.npy,128->256,cluster_2
data/raw/train/NoisyLR/000972.npy,data/raw/train/GT/000972.npy,128->256,cluster_2
data/raw/train/NoisyLR/000973.npy,data/raw/train/GT/000973.npy,128->256,cluster_0
data/raw/train/NoisyLR/000974.npy,data/raw/train/GT/000974.npy,128->256,cluster_0
data/raw/train/NoisyLR/000975.npy,data/raw/train/GT/000975.npy,128->256,cluster_0
data/raw/train/NoisyLR/000976.npy,data/raw/train/GT/000976.npy,128->256,cluster_0
data/raw/train/NoisyLR/000977.npy,data/raw/train/GT/000977.npy,128->256,cluster_1
data/raw/train/NoisyLR/000978.npy,data/raw/train/GT/000978.npy,128->256,cluster_1
data/raw/train/NoisyLR/000979.npy,data/raw/train/GT/000979.npy,128->256,cluster_1
data/raw/train/NoisyLR/000980.npy,data/raw/train/GT/000980.npy,128->256,cluster_0
data/raw/train/NoisyLR/000981.npy,data/raw/train/GT/000981.npy,128->256,cluster_1
data/raw/train/NoisyLR/000982.npy,data/raw/train/GT/000982.npy,128->256,cluster_1
data/raw/train/NoisyLR/000983.npy,data/raw/train/GT/000983.npy,128->256,cluster_1
data/raw/train/NoisyLR/000988.npy,data/raw/train/GT/000988.npy,128->256,cluster_1
data/raw/train/NoisyLR/000989.npy,data/raw/train/GT/000989.npy,128->256,cluster_2
data/raw/train/NoisyLR/000991.npy,data/raw/train/GT/000991.npy,128->256,cluster_0
data/raw/train/NoisyLR/000992.npy,data/raw/train/GT/000992.npy,128->256,cluster_0
data/raw/train/NoisyLR/000993.npy,data/raw/train/GT/000993.npy,128->256,cluster_1
data/raw/train/NoisyLR/000994.npy,data/raw/train/GT/000994.npy,128->256,cluster_1
data/raw/train/NoisyLR/000995.npy,data/raw/train/GT/000995.npy,128->256,cluster_1
data/raw/train/NoisyLR/000999.npy,data/raw/train/GT/000999.npy,128->256,cluster_2
data/raw/train/NoisyLR/001000.npy,data/raw/train/GT/001000.npy,128->256,cluster_0
data/raw/train/NoisyLR/001001.npy,data/raw/train/GT/001001.npy,128->256,cluster_1
data/raw/train/NoisyLR/001002.npy,data/raw/train/GT/001002.npy,128->256,cluster_1
data/raw/train/NoisyLR/001003.npy,data/raw/train/GT/001003.npy,128->256,cluster_1
data/raw/train/NoisyLR/001005.npy,data/raw/train/GT/001005.npy,128->256,cluster_2
data/raw/train/NoisyLR/001006.npy,data/raw/train/GT/001006.npy,128->256,cluster_2
data/raw/train/NoisyLR/001007.npy,data/raw/train/GT/001007.npy,128->256,cluster_2
data/raw/train/NoisyLR/001008.npy,data/raw/train/GT/001008.npy,128->256,cluster_2
data/raw/train/NoisyLR/001009.npy,data/raw/train/GT/001009.npy,128->256,cluster_2
data/raw/train/NoisyLR/001011.npy,data/raw/train/GT/001011.npy,128->256,cluster_2
data/raw/train/NoisyLR/001012.npy,data/raw/train/GT/001012.npy,128->256,cluster_0
data/raw/train/NoisyLR/001013.npy,data/raw/train/GT/001013.npy,128->256,cluster_1
data/raw/train/NoisyLR/001014.npy,data/raw/train/GT/001014.npy,128->256,cluster_1
data/raw/train/NoisyLR/001016.npy,data/raw/train/GT/001016.npy,128->256,cluster_0
data/raw/train/NoisyLR/001017.npy,data/raw/train/GT/001017.npy,128->256,cluster_0
data/raw/train/NoisyLR/001018.npy,data/raw/train/GT/001018.npy,128->256,cluster_0
data/raw/train/NoisyLR/001019.npy,data/raw/train/GT/001019.npy,128->256,cluster_0
data/raw/train/NoisyLR/001020.npy,data/raw/train/GT/001020.npy,128->256,cluster_0
data/raw/train/NoisyLR/001021.npy,data/raw/train/GT/001021.npy,128->256,cluster_0
data/raw/train/NoisyLR/001022.npy,data/raw/train/GT/001022.npy,128->256,cluster_0
data/raw/train/NoisyLR/001023.npy,data/raw/train/GT/001023.npy,128->256,cluster_0
data/raw/train/NoisyLR/001024.npy,data/raw/train/GT/001024.npy,128->256,cluster_2
data/raw/train/NoisyLR/001026.npy,data/raw/train/GT/001026.npy,128->256,cluster_2
data/raw/train/NoisyLR/001027.npy,data/raw/train/GT/001027.npy,128->256,cluster_1
data/raw/train/NoisyLR/001028.npy,data/raw/train/GT/001028.npy,128->256,cluster_2
data/raw/train/NoisyLR/001029.npy,data/raw/train/GT/001029.npy,128->256,cluster_1
data/raw/train/NoisyLR/001030.npy,data/raw/train/GT/001030.npy,128->256,cluster_1
data/raw/train/NoisyLR/001031.npy,data/raw/train/GT/001031.npy,128->256,cluster_1
data/raw/train/NoisyLR/001032.npy,data/raw/train/GT/001032.npy,128->256,cluster_2
data/raw/train/NoisyLR/001033.npy,data/raw/train/GT/001033.npy,128->256,cluster_0
data/raw/train/NoisyLR/001034.npy,data/raw/train/GT/001034.npy,128->256,cluster_0
data/raw/train/NoisyLR/001035.npy,data/raw/train/GT/001035.npy,128->256,cluster_0
data/raw/train/NoisyLR/001036.npy,data/raw/train/GT/001036.npy,128->256,cluster_1
data/raw/train/NoisyLR/001037.npy,data/raw/train/GT/001037.npy,128->256,cluster_1
data/raw/train/NoisyLR/001038.npy,data/raw/train/GT/001038.npy,128->256,cluster_1
data/raw/train/NoisyLR/001039.npy,data/raw/train/GT/001039.npy,128->256,cluster_1
data/raw/train/NoisyLR/001043.npy,data/raw/train/GT/001043.npy,128->256,cluster_2
data/raw/train/NoisyLR/001044.npy,data/raw/train/GT/001044.npy,128->256,cluster_0
data/raw/train/NoisyLR/001045.npy,data/raw/train/GT/001045.npy,128->256,cluster_1
data/raw/train/NoisyLR/001046.npy,data/raw/train/GT/001046.npy,128->256,cluster_1
data/raw/train/NoisyLR/001047.npy,data/raw/train/GT/001047.npy,128->256,cluster_1
data/raw/train/NoisyLR/001048.npy,data/raw/train/GT/001048.npy,128->256,cluster_1
data/raw/train/NoisyLR/001049.npy,data/raw/train/GT/001049.npy,128->256,cluster_1
data/raw/train/NoisyLR/001050.npy,data/raw/train/GT/001050.npy,128->256,cluster_1
data/raw/train/NoisyLR/001051.npy,data/raw/train/GT/001051.npy,128->256,cluster_1
data/raw/train/NoisyLR/001054.npy,data/raw/train/GT/001054.npy,128->256,cluster_2
data/raw/train/NoisyLR/001056.npy,data/raw/train/GT/001056.npy,128->256,cluster_0
data/raw/train/NoisyLR/001057.npy,data/raw/train/GT/001057.npy,128->256,cluster_1
data/raw/train/NoisyLR/001058.npy,data/raw/train/GT/001058.npy,128->256,cluster_1
data/raw/train/NoisyLR/001059.npy,data/raw/train/GT/001059.npy,128->256,cluster_1
data/raw/train/NoisyLR/001060.npy,data/raw/train/GT/001060.npy,128->256,cluster_0
data/raw/train/NoisyLR/001061.npy,data/raw/train/GT/001061.npy,128->256,cluster_0
data/raw/train/NoisyLR/001062.npy,data/raw/train/GT/001062.npy,128->256,cluster_0
data/raw/train/NoisyLR/001063.npy,data/raw/train/GT/001063.npy,128->256,cluster_2
data/raw/train/NoisyLR/001065.npy,data/raw/train/GT/001065.npy,128->256,cluster_0
data/raw/train/NoisyLR/001066.npy,data/raw/train/GT/001066.npy,128->256,cluster_1
data/raw/train/NoisyLR/001067.npy,data/raw/train/GT/001067.npy,128->256,cluster_1
data/raw/train/NoisyLR/001068.npy,data/raw/train/GT/001068.npy,128->256,cluster_0
data/raw/train/NoisyLR/001069.npy,data/raw/train/GT/001069.npy,128->256,cluster_0
data/raw/train/NoisyLR/001070.npy,data/raw/train/GT/001070.npy,128->256,cluster_0
data/raw/train/NoisyLR/001071.npy,data/raw/train/GT/001071.npy,128->256,cluster_0
data/raw/train/NoisyLR/001076.npy,data/raw/train/GT/001076.npy,128->256,cluster_1
data/raw/train/NoisyLR/001077.npy,data/raw/train/GT/001077.npy,128->256,cluster_0
data/raw/train/NoisyLR/001078.npy,data/raw/train/GT/001078.npy,128->256,cluster_0
data/raw/train/NoisyLR/001079.npy,data/raw/train/GT/001079.npy,128->256,cluster_0
data/raw/train/NoisyLR/001080.npy,data/raw/train/GT/001080.npy,128->256,cluster_1
data/raw/train/NoisyLR/001081.npy,data/raw/train/GT/001081.npy,128->256,cluster_2
data/raw/train/NoisyLR/001083.npy,data/raw/train/GT/001083.npy,128->256,cluster_2
data/raw/train/NoisyLR/001084.npy,data/raw/train/GT/001084.npy,128->256,cluster_0
data/raw/train/NoisyLR/001085.npy,data/raw/train/GT/001085.npy,128->256,cluster_0
data/raw/train/NoisyLR/001086.npy,data/raw/train/GT/001086.npy,128->256,cluster_0
data/raw/train/NoisyLR/001087.npy,data/raw/train/GT/001087.npy,128->256,cluster_0
data/raw/train/NoisyLR/001089.npy,data/raw/train/GT/001089.npy,128->256,cluster_2
data/raw/train/NoisyLR/001090.npy,data/raw/train/GT/001090.npy,128->256,cluster_2
data/raw/train/NoisyLR/001093.npy,data/raw/train/GT/001093.npy,128->256,cluster_0
data/raw/train/NoisyLR/001094.npy,data/raw/train/GT/001094.npy,128->256,cluster_0
data/raw/train/NoisyLR/001095.npy,data/raw/train/GT/001095.npy,128->256,cluster_0
data/raw/train/NoisyLR/001096.npy,data/raw/train/GT/001096.npy,128->256,cluster_0
data/raw/train/NoisyLR/001097.npy,data/raw/train/GT/001097.npy,128->256,cluster_0
data/raw/train/NoisyLR/001098.npy,data/raw/train/GT/001098.npy,128->256,cluster_0
data/raw/train/NoisyLR/001099.npy,data/raw/train/GT/001099.npy,128->256,cluster_0
data/raw/train/NoisyLR/001100.npy,data/raw/train/GT/001100.npy,128->256,cluster_1
data/raw/train/NoisyLR/001101.npy,data/raw/train/GT/001101.npy,128->256,cluster_1
data/raw/train/NoisyLR/001102.npy,data/raw/train/GT/001102.npy,128->256,cluster_1
data/raw/train/NoisyLR/001103.npy,data/raw/train/GT/001103.npy,128->256,cluster_1
data/raw/train/NoisyLR/001104.npy,data/raw/train/GT/001104.npy,128->256,cluster_1
data/raw/train/NoisyLR/001105.npy,data/raw/train/GT/001105.npy,128->256,cluster_0
data/raw/train/NoisyLR/001106.npy,data/raw/train/GT/001106.npy,128->256,cluster_0
data/raw/train/NoisyLR/001107.npy,data/raw/train/GT/001107.npy,128->256,cluster_0
data/raw/train/NoisyLR/001108.npy,data/raw/train/GT/001108.npy,128->256,cluster_1
data/raw/train/NoisyLR/001109.npy,data/raw/train/GT/001109.npy,128->256,cluster_2
data/raw/train/NoisyLR/001110.npy,data/raw/train/GT/001110.npy,128->256,cluster_2
data/raw/train/NoisyLR/001111.npy,data/raw/train/GT/001111.npy,128->256,cluster_2
data/raw/train/NoisyLR/001112.npy,data/raw/train/GT/001112.npy,128->256,cluster_0
data/raw/train/NoisyLR/001113.npy,data/raw/train/GT/001113.npy,128->256,cluster_2
data/raw/train/NoisyLR/001114.npy,data/raw/train/GT/001114.npy,128->256,cluster_2
data/raw/train/NoisyLR/001116.npy,data/raw/train/GT/001116.npy,128->256,cluster_2
data/raw/train/NoisyLR/001117.npy,data/raw/train/GT/001117.npy,128->256,cluster_1
data/raw/train/NoisyLR/001118.npy,data/raw/train/GT/001118.npy,128->256,cluster_1
data/raw/train/NoisyLR/001119.npy,data/raw/train/GT/001119.npy,128->256,cluster_1
data/raw/train/NoisyLR/001120.npy,data/raw/train/GT/001120.npy,128->256,cluster_1
data/raw/train/NoisyLR/001121.npy,data/raw/train/GT/001121.npy,128->256,cluster_0
data/raw/train/NoisyLR/001122.npy,data/raw/train/GT/001122.npy,128->256,cluster_0
data/raw/train/NoisyLR/001123.npy,data/raw/train/GT/001123.npy,128->256,cluster_0
data/raw/train/NoisyLR/001124.npy,data/raw/train/GT/001124.npy,128->256,cluster_0
data/raw/train/NoisyLR/001125.npy,data/raw/train/GT/001125.npy,128->256,cluster_0
data/raw/train/NoisyLR/001126.npy,data/raw/train/GT/001126.npy,128->256,cluster_2
data/raw/train/NoisyLR/001128.npy,data/raw/train/GT/001128.npy,128->256,cluster_1
data/raw/train/NoisyLR/001129.npy,data/raw/train/GT/001129.npy,128->256,cluster_0
data/raw/train/NoisyLR/001130.npy,data/raw/train/GT/001130.npy,128->256,cluster_0
data/raw/train/NoisyLR/001131.npy,data/raw/train/GT/001131.npy,128->256,cluster_0
data/raw/train/NoisyLR/001134.npy,data/raw/train/GT/001134.npy,128->256,cluster_2
data/raw/train/NoisyLR/001135.npy,data/raw/train/GT/001135.npy,128->256,cluster_2
data/raw/train/NoisyLR/001136.npy,data/raw/train/GT/001136.npy,128->256,cluster_0
data/raw/train/NoisyLR/001137.npy,data/raw/train/GT/001137.npy,128->256,cluster_2
data/raw/train/NoisyLR/001138.npy,data/raw/train/GT/001138.npy,128->256,cluster_2
data/raw/train/NoisyLR/001139.npy,data/raw/train/GT/001139.npy,128->256,cluster_2
data/raw/train/NoisyLR/001140.npy,data/raw/train/GT/001140.npy,128->256,cluster_0
data/raw/train/NoisyLR/001141.npy,data/raw/train/GT/001141.npy,128->256,cluster_1
data/raw/train/NoisyLR/001142.npy,data/raw/train/GT/001142.npy,128->256,cluster_1
data/raw/train/NoisyLR/001143.npy,data/raw/train/GT/001143.npy,128->256,cluster_1
data/raw/train/NoisyLR/001147.npy,data/raw/train/GT/001147.npy,128->256,cluster_2
data/raw/train/NoisyLR/001148.npy,data/raw/train/GT/001148.npy,128->256,cluster_0
data/raw/train/NoisyLR/001149.npy,data/raw/train/GT/001149.npy,128->256,cluster_0
data/raw/train/NoisyLR/001150.npy,data/raw/train/GT/001150.npy,128->256,cluster_0
data/raw/train/NoisyLR/001151.npy,data/raw/train/GT/001151.npy,128->256,cluster_0
data/raw/train/NoisyLR/001152.npy,data/raw/train/GT/001152.npy,128->256,cluster_2
data/raw/train/NoisyLR/001153.npy,data/raw/train/GT/001153.npy,128->256,cluster_2
data/raw/train/NoisyLR/001155.npy,data/raw/train/GT/001155.npy,128->256,cluster_2
data/raw/train/NoisyLR/001156.npy,data/raw/train/GT/001156.npy,128->256,cluster_2
data/raw/train/NoisyLR/001157.npy,data/raw/train/GT/001157.npy,128->256,cluster_0
data/raw/train/NoisyLR/001158.npy,data/raw/train/GT/001158.npy,128->256,cluster_0
data/raw/train/NoisyLR/001159.npy,data/raw/train/GT/001159.npy,128->256,cluster_0
data/raw/train/NoisyLR/001160.npy,data/raw/train/GT/001160.npy,128->256,cluster_1
data/raw/train/NoisyLR/001161.npy,data/raw/train/GT/001161.npy,128->256,cluster_1
data/raw/train/NoisyLR/001162.npy,data/raw/train/GT/001162.npy,128->256,cluster_1
data/raw/train/NoisyLR/001163.npy,data/raw/train/GT/001163.npy,128->256,cluster_1
data/raw/train/NoisyLR/001164.npy,data/raw/train/GT/001164.npy,128->256,cluster_0
data/raw/train/NoisyLR/001165.npy,data/raw/train/GT/001165.npy,128->256,cluster_1
data/raw/train/NoisyLR/001166.npy,data/raw/train/GT/001166.npy,128->256,cluster_1
data/raw/train/NoisyLR/001167.npy,data/raw/train/GT/001167.npy,128->256,cluster_1
data/raw/train/NoisyLR/001168.npy,data/raw/train/GT/001168.npy,128->256,cluster_0
data/raw/train/NoisyLR/001169.npy,data/raw/train/GT/001169.npy,128->256,cluster_0
data/raw/train/NoisyLR/001170.npy,data/raw/train/GT/001170.npy,128->256,cluster_0
data/raw/train/NoisyLR/001171.npy,data/raw/train/GT/001171.npy,128->256,cluster_0
data/raw/train/NoisyLR/001172.npy,data/raw/train/GT/001172.npy,128->256,cluster_2
data/raw/train/NoisyLR/001173.npy,data/raw/train/GT/001173.npy,128->256,cluster_1
data/raw/train/NoisyLR/001174.npy,data/raw/train/GT/001174.npy,128->256,cluster_1
data/raw/train/NoisyLR/001175.npy,data/raw/train/GT/001175.npy,128->256,cluster_1
data/raw/train/NoisyLR/001176.npy,data/raw/train/GT/001176.npy,128->256,cluster_0
data/raw/train/NoisyLR/001178.npy,data/raw/train/GT/001178.npy,128->256,cluster_0
data/raw/train/NoisyLR/001179.npy,data/raw/train/GT/001179.npy,128->256,cluster_0
data/raw/train/NoisyLR/001180.npy,data/raw/train/GT/001180.npy,128->256,cluster_0
data/raw/train/NoisyLR/001181.npy,data/raw/train/GT/001181.npy,128->256,cluster_1
data/raw/train/NoisyLR/001182.npy,data/raw/train/GT/001182.npy,128->256,cluster_1
data/raw/train/NoisyLR/001183.npy,data/raw/train/GT/001183.npy,128->256,cluster_1
data/raw/train/NoisyLR/001184.npy,data/raw/train/GT/001184.npy,128->256,cluster_1
data/raw/train/NoisyLR/001185.npy,data/raw/train/GT/001185.npy,128->256,cluster_0
data/raw/train/NoisyLR/001186.npy,data/raw/train/GT/001186.npy,128->256,cluster_0
data/raw/train/NoisyLR/001187.npy,data/raw/train/GT/001187.npy,128->256,cluster_0
data/raw/train/NoisyLR/001188.npy,data/raw/train/GT/001188.npy,128->256,cluster_2
data/raw/train/NoisyLR/001189.npy,data/raw/train/GT/001189.npy,128->256,cluster_0
data/raw/train/NoisyLR/001190.npy,data/raw/train/GT/001190.npy,128->256,cluster_0
data/raw/train/NoisyLR/001191.npy,data/raw/train/GT/001191.npy,128->256,cluster_0
data/raw/train/NoisyLR/001192.npy,data/raw/train/GT/001192.npy,128->256,cluster_1
data/raw/train/NoisyLR/001193.npy,data/raw/train/GT/001193.npy,128->256,cluster_1
data/raw/train/NoisyLR/001194.npy,data/raw/train/GT/001194.npy,128->256,cluster_1
data/raw/train/NoisyLR/001195.npy,data/raw/train/GT/001195.npy,128->256,cluster_1
data/raw/train/NoisyLR/001196.npy,data/raw/train/GT/001196.npy,128->256,cluster_1
data/raw/train/NoisyLR/001197.npy,data/raw/train/GT/001197.npy,128->256,cluster_0
data/raw/train/NoisyLR/001198.npy,data/raw/train/GT/001198.npy,128->256,cluster_1
data/raw/train/NoisyLR/001199.npy,data/raw/train/GT/001199.npy,128->256,cluster_0
data/raw/train/NoisyLR/001200.npy,data/raw/train/GT/001200.npy,128->256,cluster_2
data/raw/train/NoisyLR/001201.npy,data/raw/train/GT/001201.npy,128->256,cluster_2
data/raw/train/NoisyLR/001202.npy,data/raw/train/GT/001202.npy,128->256,cluster_2
data/raw/train/NoisyLR/001203.npy,data/raw/train/GT/001203.npy,128->256,cluster_1
data/raw/train/NoisyLR/001204.npy,data/raw/train/GT/001204.npy,128->256,cluster_0
data/raw/train/NoisyLR/001205.npy,data/raw/train/GT/001205.npy,128->256,cluster_2
data/raw/train/NoisyLR/001206.npy,data/raw/train/GT/001206.npy,128->256,cluster_1
data/raw/train/NoisyLR/001208.npy,data/raw/train/GT/001208.npy,128->256,cluster_1
data/raw/train/NoisyLR/001209.npy,data/raw/train/GT/001209.npy,128->256,cluster_1
data/raw/train/NoisyLR/001210.npy,data/raw/train/GT/001210.npy,128->256,cluster_1
data/raw/train/NoisyLR/001211.npy,data/raw/train/GT/001211.npy,128->256,cluster_1
data/raw/train/NoisyLR/001213.npy,data/raw/train/GT/001213.npy,128->256,cluster_2
data/raw/train/NoisyLR/001214.npy,data/raw/train/GT/001214.npy,128->256,cluster_2
data/raw/train/NoisyLR/001216.npy,data/raw/train/GT/001216.npy,128->256,cluster_0
data/raw/train/NoisyLR/001217.npy,data/raw/train/GT/001217.npy,128->256,cluster_0
data/raw/train/NoisyLR/001218.npy,data/raw/train/GT/001218.npy,128->256,cluster_0
data/raw/train/NoisyLR/001219.npy,data/raw/train/GT/001219.npy,128->256,cluster_0
data/raw/train/NoisyLR/001220.npy,data/raw/train/GT/001220.npy,128->256,cluster_1
data/raw/train/NoisyLR/001221.npy,data/raw/train/GT/001221.npy,128->256,cluster_0
data/raw/train/NoisyLR/001222.npy,data/raw/train/GT/001222.npy,128->256,cluster_0
data/raw/train/NoisyLR/001223.npy,data/raw/train/GT/001223.npy,128->256,cluster_0
data/raw/train/NoisyLR/001225.npy,data/raw/train/GT/001225.npy,128->256,cluster_2
data/raw/train/NoisyLR/001227.npy,data/raw/train/GT/001227.npy,128->256,cluster_1
data/raw/train/NoisyLR/001228.npy,data/raw/train/GT/001228.npy,128->256,cluster_0
data/raw/train/NoisyLR/001229.npy,data/raw/train/GT/001229.npy,128->256,cluster_0
data/raw/train/NoisyLR/001230.npy,data/raw/train/GT/001230.npy,128->256,cluster_0
data/raw/train/NoisyLR/001231.npy,data/raw/train/GT/001231.npy,128->256,cluster_0
data/raw/train/NoisyLR/001232.npy,data/raw/train/GT/001232.npy,128->256,cluster_2
data/raw/train/NoisyLR/001233.npy,data/raw/train/GT/001233.npy,128->256,cluster_0
data/raw/train/NoisyLR/001234.npy,data/raw/train/GT/001234.npy,128->256,cluster_0
data/raw/train/NoisyLR/001235.npy,data/raw/train/GT/001235.npy,128->256,cluster_0
data/raw/train/NoisyLR/001236.npy,data/raw/train/GT/001236.npy,128->256,cluster_0
data/raw/train/NoisyLR/001237.npy,data/raw/train/GT/001237.npy,128->256,cluster_0
data/raw/train/NoisyLR/001238.npy,data/raw/train/GT/001238.npy,128->256,cluster_0
data/raw/train/NoisyLR/001239.npy,data/raw/train/GT/001239.npy,128->256,cluster_0
data/raw/train/NoisyLR/001240.npy,data/raw/train/GT/001240.npy,128->256,cluster_1
data/raw/train/NoisyLR/001242.npy,data/raw/train/GT/001242.npy,128->256,cluster_2
data/raw/train/NoisyLR/001243.npy,data/raw/train/GT/001243.npy,128->256,cluster_2
data/raw/train/NoisyLR/001244.npy,data/raw/train/GT/001244.npy,128->256,cluster_2
data/raw/train/NoisyLR/001245.npy,data/raw/train/GT/001245.npy,128->256,cluster_2
data/raw/train/NoisyLR/001246.npy,data/raw/train/GT/001246.npy,128->256,cluster_0
data/raw/train/NoisyLR/001247.npy,data/raw/train/GT/001247.npy,128->256,cluster_0
data/raw/train/NoisyLR/001248.npy,data/raw/train/GT/001248.npy,128->256,cluster_0
data/raw/train/NoisyLR/001249.npy,data/raw/train/GT/001249.npy,128->256,cluster_1
data/raw/train/NoisyLR/001250.npy,data/raw/train/GT/001250.npy,128->256,cluster_1
data/raw/train/NoisyLR/001251.npy,data/raw/train/GT/001251.npy,128->256,cluster_1
data/raw/train/NoisyLR/001252.npy,data/raw/train/GT/001252.npy,128->256,cluster_0
data/raw/train/NoisyLR/001253.npy,data/raw/train/GT/001253.npy,128->256,cluster_1
data/raw/train/NoisyLR/001254.npy,data/raw/train/GT/001254.npy,128->256,cluster_1
data/raw/train/NoisyLR/001255.npy,data/raw/train/GT/001255.npy,128->256,cluster_1
data/raw/train/NoisyLR/001256.npy,data/raw/train/GT/001256.npy,128->256,cluster_0
data/raw/train/NoisyLR/001257.npy,data/raw/train/GT/001257.npy,128->256,cluster_1
data/raw/train/NoisyLR/001258.npy,data/raw/train/GT/001258.npy,128->256,cluster_1
data/raw/train/NoisyLR/001259.npy,data/raw/train/GT/001259.npy,128->256,cluster_1
data/raw/train/NoisyLR/001260.npy,data/raw/train/GT/001260.npy,128->256,cluster_0
data/raw/train/NoisyLR/001261.npy,data/raw/train/GT/001261.npy,128->256,cluster_0
data/raw/train/NoisyLR/001262.npy,data/raw/train/GT/001262.npy,128->256,cluster_0
data/raw/train/NoisyLR/001263.npy,data/raw/train/GT/001263.npy,128->256,cluster_0
data/raw/train/NoisyLR/001264.npy,data/raw/train/GT/001264.npy,128->256,cluster_2
data/raw/train/NoisyLR/001265.npy,data/raw/train/GT/001265.npy,128->256,cluster_2
data/raw/train/NoisyLR/001267.npy,data/raw/train/GT/001267.npy,128->256,cluster_2
data/raw/train/NoisyLR/001270.npy,data/raw/train/GT/001270.npy,128->256,cluster_1
data/raw/train/NoisyLR/001272.npy,data/raw/train/GT/001272.npy,128->256,cluster_0
data/raw/train/NoisyLR/001273.npy,data/raw/train/GT/001273.npy,128->256,cluster_0
data/raw/train/NoisyLR/001274.npy,data/raw/train/GT/001274.npy,128->256,cluster_0
data/raw/train/NoisyLR/001275.npy,data/raw/train/GT/001275.npy,128->256,cluster_0
data/raw/train/NoisyLR/001277.npy,data/raw/train/GT/001277.npy,128->256,cluster_1
data/raw/train/NoisyLR/001278.npy,data/raw/train/GT/001278.npy,128->256,cluster_1
data/raw/train/NoisyLR/001279.npy,data/raw/train/GT/001279.npy,128->256,cluster_1
data/raw/train/NoisyLR/001280.npy,data/raw/train/GT/001280.npy,128->256,cluster_2
data/raw/train/NoisyLR/001281.npy,data/raw/train/GT/001281.npy,128->256,cluster_0
data/raw/train/NoisyLR/001282.npy,data/raw/train/GT/001282.npy,128->256,cluster_0
data/raw/train/NoisyLR/001283.npy,data/raw/train/GT/001283.npy,128->256,cluster_0
data/raw/train/NoisyLR/001284.npy,data/raw/train/GT/001284.npy,128->256,cluster_1
data/raw/train/NoisyLR/001285.npy,data/raw/train/GT/001285.npy,128->256,cluster_1
data/raw/train/NoisyLR/001286.npy,data/raw/train/GT/001286.npy,128->256,cluster_1
data/raw/train/NoisyLR/001287.npy,data/raw/train/GT/001287.npy,128->256,cluster_1
data/raw/train/NoisyLR/001289.npy,data/raw/train/GT/001289.npy,128->256,cluster_0
data/raw/train/NoisyLR/001290.npy,data/raw/train/GT/001290.npy,128->256,cluster_0
data/raw/train/NoisyLR/001291.npy,data/raw/train/GT/001291.npy,128->256,cluster_0
data/raw/train/NoisyLR/001292.npy,data/raw/train/GT/001292.npy,128->256,cluster_0
data/raw/train/NoisyLR/001293.npy,data/raw/train/GT/001293.npy,128->256,cluster_0
data/raw/train/NoisyLR/001294.npy,data/raw/train/GT/001294.npy,128->256,cluster_0
data/raw/train/NoisyLR/001295.npy,data/raw/train/GT/001295.npy,128->256,cluster_0
data/raw/train/NoisyLR/001296.npy,data/raw/train/GT/001296.npy,128->256,cluster_1
data/raw/train/NoisyLR/001297.npy,data/raw/train/GT/001297.npy,128->256,cluster_1
data/raw/train/NoisyLR/001298.npy,data/raw/train/GT/001298.npy,128->256,cluster_1
data/raw/train/NoisyLR/001299.npy,data/raw/train/GT/001299.npy,128->256,cluster_1
data/raw/train/NoisyLR/001300.npy,data/raw/train/GT/001300.npy,128->256,cluster_1
data/raw/train/NoisyLR/001301.npy,data/raw/train/GT/001301.npy,128->256,cluster_1
data/raw/train/NoisyLR/001302.npy,data/raw/train/GT/001302.npy,128->256,cluster_1
data/raw/train/NoisyLR/001303.npy,data/raw/train/GT/001303.npy,128->256,cluster_1
data/raw/train/NoisyLR/001304.npy,data/raw/train/GT/001304.npy,128->256,cluster_1
data/raw/train/NoisyLR/001305.npy,data/raw/train/GT/001305.npy,128->256,cluster_1
data/raw/train/NoisyLR/001306.npy,data/raw/train/GT/001306.npy,128->256,cluster_1
data/raw/train/NoisyLR/001307.npy,data/raw/train/GT/001307.npy,128->256,cluster_1
data/raw/train/NoisyLR/001308.npy,data/raw/train/GT/001308.npy,128->256,cluster_0
data/raw/train/NoisyLR/001309.npy,data/raw/train/GT/001309.npy,128->256,cluster_0
data/raw/train/NoisyLR/001310.npy,data/raw/train/GT/001310.npy,128->256,cluster_0
data/raw/train/NoisyLR/001311.npy,data/raw/train/GT/001311.npy,128->256,cluster_0
data/raw/train/NoisyLR/001315.npy,data/raw/train/GT/001315.npy,128->256,cluster_2
data/raw/train/NoisyLR/001316.npy,data/raw/train/GT/001316.npy,128->256,cluster_1
data/raw/train/NoisyLR/001317.npy,data/raw/train/GT/001317.npy,128->256,cluster_0
data/raw/train/NoisyLR/001318.npy,data/raw/train/GT/001318.npy,128->256,cluster_0
data/raw/train/NoisyLR/001319.npy,data/raw/train/GT/001319.npy,128->256,cluster_0
data/raw/train/NoisyLR/001320.npy,data/raw/train/GT/001320.npy,128->256,cluster_0
data/raw/train/NoisyLR/001321.npy,data/raw/train/GT/001321.npy,128->256,cluster_0
data/raw/train/NoisyLR/001322.npy,data/raw/train/GT/001322.npy,128->256,cluster_0
data/raw/train/NoisyLR/001323.npy,data/raw/train/GT/001323.npy,128->256,cluster_0
data/raw/train/NoisyLR/001324.npy,data/raw/train/GT/001324.npy,128->256,cluster_1
data/raw/train/NoisyLR/001325.npy,data/raw/train/GT/001325.npy,128->256,cluster_0
data/raw/train/NoisyLR/001326.npy,data/raw/train/GT/001326.npy,128->256,cluster_0
data/raw/train/NoisyLR/001327.npy,data/raw/train/GT/001327.npy,128->256,cluster_0
data/raw/train/NoisyLR/001329.npy,data/raw/train/GT/001329.npy,128->256,cluster_0
data/raw/train/NoisyLR/001330.npy,data/raw/train/GT/001330.npy,128->256,cluster_0
data/raw/train/NoisyLR/001331.npy,data/raw/train/GT/001331.npy,128->256,cluster_0
data/raw/train/NoisyLR/001332.npy,data/raw/train/GT/001332.npy,128->256,cluster_2
data/raw/train/NoisyLR/001333.npy,data/raw/train/GT/001333.npy,128->256,cluster_1
data/raw/train/NoisyLR/001334.npy,data/raw/train/GT/001334.npy,128->256,cluster_1
data/raw/train/NoisyLR/001335.npy,data/raw/train/GT/001335.npy,128->256,cluster_1
data/raw/train/NoisyLR/001336.npy,data/raw/train/GT/001336.npy,128->256,cluster_1
data/raw/train/NoisyLR/001337.npy,data/raw/train/GT/001337.npy,128->256,cluster_0
data/raw/train/NoisyLR/001338.npy,data/raw/train/GT/001338.npy,128->256,cluster_0
data/raw/train/NoisyLR/001339.npy,data/raw/train/GT/001339.npy,128->256,cluster_0
data/raw/train/NoisyLR/001340.npy,data/raw/train/GT/001340.npy,128->256,cluster_2
data/raw/train/NoisyLR/001341.npy,data/raw/train/GT/001341.npy,128->256,cluster_1
data/raw/train/NoisyLR/001342.npy,data/raw/train/GT/001342.npy,128->256,cluster_1
data/raw/train/NoisyLR/001343.npy,data/raw/train/GT/001343.npy,128->256,cluster_1
data/raw/train/NoisyLR/001345.npy,data/raw/train/GT/001345.npy,128->256,cluster_1
data/raw/train/NoisyLR/001346.npy,data/raw/train/GT/001346.npy,128->256,cluster_1
data/raw/train/NoisyLR/001347.npy,data/raw/train/GT/001347.npy,128->256,cluster_1
data/raw/train/NoisyLR/001349.npy,data/raw/train/GT/001349.npy,128->256,cluster_1
data/raw/train/NoisyLR/001350.npy,data/raw/train/GT/001350.npy,128->256,cluster_2
data/raw/train/NoisyLR/001351.npy,data/raw/train/GT/001351.npy,128->256,cluster_1
data/raw/train/NoisyLR/001352.npy,data/raw/train/GT/001352.npy,128->256,cluster_2
data/raw/train/NoisyLR/001355.npy,data/raw/train/GT/001355.npy,128->256,cluster_2
data/raw/train/NoisyLR/001356.npy,data/raw/train/GT/001356.npy,128->256,cluster_0
data/raw/train/NoisyLR/001357.npy,data/raw/train/GT/001357.npy,128->256,cluster_0
data/raw/train/NoisyLR/001358.npy,data/raw/train/GT/001358.npy,128->256,cluster_0
data/raw/train/NoisyLR/001359.npy,data/raw/train/GT/001359.npy,128->256,cluster_0
data/raw/train/NoisyLR/001360.npy,data/raw/train/GT/001360.npy,128->256,cluster_1
data/raw/train/NoisyLR/001361.npy,data/raw/train/GT/001361.npy,128->256,cluster_1
data/raw/train/NoisyLR/001362.npy,data/raw/train/GT/001362.npy,128->256,cluster_1
data/raw/train/NoisyLR/001363.npy,data/raw/train/GT/001363.npy,128->256,cluster_1
data/raw/train/NoisyLR/001364.npy,data/raw/train/GT/001364.npy,128->256,cluster_0
data/raw/train/NoisyLR/001365.npy,data/raw/train/GT/001365.npy,128->256,cluster_1
data/raw/train/NoisyLR/001366.npy,data/raw/train/GT/001366.npy,128->256,cluster_1
data/raw/train/NoisyLR/001367.npy,data/raw/train/GT/001367.npy,128->256,cluster_1
data/raw/train/NoisyLR/001368.npy,data/raw/train/GT/001368.npy,128->256,cluster_0
data/raw/train/NoisyLR/001369.npy,data/raw/train/GT/001369.npy,128->256,cluster_1
data/raw/train/NoisyLR/001370.npy,data/raw/train/GT/001370.npy,128->256,cluster_1
data/raw/train/NoisyLR/001371.npy,data/raw/train/GT/001371.npy,128->256,cluster_1
data/raw/train/NoisyLR/001372.npy,data/raw/train/GT/001372.npy,128->256,cluster_1
data/raw/train/NoisyLR/001374.npy,data/raw/train/GT/001374.npy,128->256,cluster_2
data/raw/train/NoisyLR/001375.npy,data/raw/train/GT/001375.npy,128->256,cluster_2
data/raw/train/NoisyLR/001376.npy,data/raw/train/GT/001376.npy,128->256,cluster_1
data/raw/train/NoisyLR/001377.npy,data/raw/train/GT/001377.npy,128->256,cluster_1
data/raw/train/NoisyLR/001378.npy,data/raw/train/GT/001378.npy,128->256,cluster_1
data/raw/train/NoisyLR/001379.npy,data/raw/train/GT/001379.npy,128->256,cluster_1
data/raw/train/NoisyLR/001380.npy,data/raw/train/GT/001380.npy,128->256,cluster_1
data/raw/train/NoisyLR/001381.npy,data/raw/train/GT/001381.npy,128->256,cluster_0
data/raw/train/NoisyLR/001382.npy,data/raw/train/GT/001382.npy,128->256,cluster_0
data/raw/train/NoisyLR/001383.npy,data/raw/train/GT/001383.npy,128->256,cluster_0
data/raw/train/NoisyLR/001385.npy,data/raw/train/GT/001385.npy,128->256,cluster_2
data/raw/train/NoisyLR/001391.npy,data/raw/train/GT/001391.npy,128->256,cluster_2
data/raw/train/NoisyLR/001393.npy,data/raw/train/GT/001393.npy,128->256,cluster_1
data/raw/train/NoisyLR/001394.npy,data/raw/train/GT/001394.npy,128->256,cluster_1
data/raw/train/NoisyLR/001395.npy,data/raw/train/GT/001395.npy,128->256,cluster_1
data/raw/train/NoisyLR/001396.npy,data/raw/train/GT/001396.npy,128->256,cluster_1
data/raw/train/NoisyLR/001397.npy,data/raw/train/GT/001397.npy,128->256,cluster_1
data/raw/train/NoisyLR/001398.npy,data/raw/train/GT/001398.npy,128->256,cluster_1
data/raw/train/NoisyLR/001399.npy,data/raw/train/GT/001399.npy,128->256,cluster_1
data/raw/train/NoisyLR/001400.npy,data/raw/train/GT/001400.npy,128->256,cluster_0
data/raw/train/NoisyLR/001401.npy,data/raw/train/GT/001401.npy,128->256,cluster_1
data/raw/train/NoisyLR/001402.npy,data/raw/train/GT/001402.npy,128->256,cluster_2
data/raw/train/NoisyLR/001403.npy,data/raw/train/GT/001403.npy,128->256,cluster_2
data/raw/train/NoisyLR/001404.npy,data/raw/train/GT/001404.npy,128->256,cluster_1
data/raw/train/NoisyLR/001405.npy,data/raw/train/GT/001405.npy,128->256,cluster_0
data/raw/train/NoisyLR/001406.npy,data/raw/train/GT/001406.npy,128->256,cluster_0
data/raw/train/NoisyLR/001407.npy,data/raw/train/GT/001407.npy,128->256,cluster_0
data/raw/train/NoisyLR/001408.npy,data/raw/train/GT/001408.npy,128->256,cluster_0
data/raw/train/NoisyLR/001409.npy,data/raw/train/GT/001409.npy,128->256,cluster_0
data/raw/train/NoisyLR/001410.npy,data/raw/train/GT/001410.npy,128->256,cluster_0
data/raw/train/NoisyLR/001411.npy,data/raw/train/GT/001411.npy,128->256,cluster_0
data/raw/train/NoisyLR/001412.npy,data/raw/train/GT/001412.npy,128->256,cluster_2
data/raw/train/NoisyLR/001415.npy,data/raw/train/GT/001415.npy,128->256,cluster_2
data/raw/train/NoisyLR/001416.npy,data/raw/train/GT/001416.npy,128->256,cluster_1
data/raw/train/NoisyLR/001417.npy,data/raw/train/GT/001417.npy,128->256,cluster_0
data/raw/train/NoisyLR/001418.npy,data/raw/train/GT/001418.npy,128->256,cluster_2
data/raw/train/NoisyLR/001419.npy,data/raw/train/GT/001419.npy,128->256,cluster_0
data/raw/train/NoisyLR/001420.npy,data/raw/train/GT/001420.npy,128->256,cluster_2
data/raw/train/NoisyLR/001421.npy,data/raw/train/GT/001421.npy,128->256,cluster_1
data/raw/train/NoisyLR/001422.npy,data/raw/train/GT/001422.npy,128->256,cluster_1
data/raw/train/NoisyLR/001423.npy,data/raw/train/GT/001423.npy,128->256,cluster_1
data/raw/train/NoisyLR/001424.npy,data/raw/train/GT/001424.npy,128->256,cluster_1
data/raw/train/NoisyLR/001425.npy,data/raw/train/GT/001425.npy,128->256,cluster_1
data/raw/train/NoisyLR/001426.npy,data/raw/train/GT/001426.npy,128->256,cluster_1
data/raw/train/NoisyLR/001427.npy,data/raw/train/GT/001427.npy,128->256,cluster_1
data/raw/train/NoisyLR/001428.npy,data/raw/train/GT/001428.npy,128->256,cluster_0
data/raw/train/NoisyLR/001429.npy,data/raw/train/GT/001429.npy,128->256,cluster_1
data/raw/train/NoisyLR/001430.npy,data/raw/train/GT/001430.npy,128->256,cluster_1
data/raw/train/NoisyLR/001431.npy,data/raw/train/GT/001431.npy,128->256,cluster_1
data/raw/train/NoisyLR/001432.npy,data/raw/train/GT/001432.npy,128->256,cluster_1
data/raw/train/NoisyLR/001433.npy,data/raw/train/GT/001433.npy,128->256,cluster_1
data/raw/train/NoisyLR/001434.npy,data/raw/train/GT/001434.npy,128->256,cluster_1
data/raw/train/NoisyLR/001435.npy,data/raw/train/GT/001435.npy,128->256,cluster_1
data/raw/train/NoisyLR/001436.npy,data/raw/train/GT/001436.npy,128->256,cluster_1
data/raw/train/NoisyLR/001437.npy,data/raw/train/GT/001437.npy,128->256,cluster_0
data/raw/train/NoisyLR/001438.npy,data/raw/train/GT/001438.npy,128->256,cluster_0
data/raw/train/NoisyLR/001439.npy,data/raw/train/GT/001439.npy,128->256,cluster_0
data/raw/train/NoisyLR/001440.npy,data/raw/train/GT/001440.npy,128->256,cluster_0
data/raw/train/NoisyLR/001441.npy,data/raw/train/GT/001441.npy,128->256,cluster_0
data/raw/train/NoisyLR/001442.npy,data/raw/train/GT/001442.npy,128->256,cluster_0
data/raw/train/NoisyLR/001443.npy,data/raw/train/GT/001443.npy,128->256,cluster_0
data/raw/train/NoisyLR/001445.npy,data/raw/train/GT/001445.npy,128->256,cluster_0
data/raw/train/NoisyLR/001446.npy,data/raw/train/GT/001446.npy,128->256,cluster_0
data/raw/train/NoisyLR/001447.npy,data/raw/train/GT/001447.npy,128->256,cluster_0
data/raw/train/NoisyLR/001448.npy,data/raw/train/GT/001448.npy,128->256,cluster_1
data/raw/train/NoisyLR/001449.npy,data/raw/train/GT/001449.npy,128->256,cluster_1
data/raw/train/NoisyLR/001450.npy,data/raw/train/GT/001450.npy,128->256,cluster_2
data/raw/train/NoisyLR/001451.npy,data/raw/train/GT/001451.npy,128->256,cluster_1
data/raw/train/NoisyLR/001454.npy,data/raw/train/GT/001454.npy,128->256,cluster_2
data/raw/train/NoisyLR/001456.npy,data/raw/train/GT/001456.npy,128->256,cluster_2
data/raw/train/NoisyLR/001457.npy,data/raw/train/GT/001457.npy,128->256,cluster_2
data/raw/train/NoisyLR/001458.npy,data/raw/train/GT/001458.npy,128->256,cluster_2
data/raw/train/NoisyLR/001459.npy,data/raw/train/GT/001459.npy,128->256,cluster_2
data/raw/train/NoisyLR/001460.npy,data/raw/train/GT/001460.npy,128->256,cluster_0
data/raw/train/NoisyLR/001461.npy,data/raw/train/GT/001461.npy,128->256,cluster_2
data/raw/train/NoisyLR/001462.npy,data/raw/train/GT/001462.npy,128->256,cluster_2
data/raw/train/NoisyLR/001463.npy,data/raw/train/GT/001463.npy,128->256,cluster_2
data/raw/train/NoisyLR/001465.npy,data/raw/train/GT/001465.npy,128->256,cluster_2
data/raw/train/NoisyLR/001468.npy,data/raw/train/GT/001468.npy,128->256,cluster_0
data/raw/train/NoisyLR/001470.npy,data/raw/train/GT/001470.npy,128->256,cluster_2
data/raw/train/NoisyLR/001472.npy,data/raw/train/GT/001472.npy,128->256,cluster_1
data/raw/train/NoisyLR/001473.npy,data/raw/train/GT/001473.npy,128->256,cluster_1
data/raw/train/NoisyLR/001474.npy,data/raw/train/GT/001474.npy,128->256,cluster_1
data/raw/train/NoisyLR/001476.npy,data/raw/train/GT/001476.npy,128->256,cluster_0
data/raw/train/NoisyLR/001477.npy,data/raw/train/GT/001477.npy,128->256,cluster_0
data/raw/train/NoisyLR/001478.npy,data/raw/train/GT/001478.npy,128->256,cluster_0
data/raw/train/NoisyLR/001479.npy,data/raw/train/GT/001479.npy,128->256,cluster_0
data/raw/train/NoisyLR/001480.npy,data/raw/train/GT/001480.npy,128->256,cluster_0
data/raw/train/NoisyLR/001481.npy,data/raw/train/GT/001481.npy,128->256,cluster_1
data/raw/train/NoisyLR/001482.npy,data/raw/train/GT/001482.npy,128->256,cluster_1
data/raw/train/NoisyLR/001483.npy,data/raw/train/GT/001483.npy,128->256,cluster_1
data/raw/train/NoisyLR/001484.npy,data/raw/train/GT/001484.npy,128->256,cluster_2
data/raw/train/NoisyLR/001485.npy,data/raw/train/GT/001485.npy,128->256,cluster_2
data/raw/train/NoisyLR/001488.npy,data/raw/train/GT/001488.npy,128->256,cluster_1
data/raw/train/NoisyLR/001489.npy,data/raw/train/GT/001489.npy,128->256,cluster_2
data/raw/train/NoisyLR/001490.npy,data/raw/train/GT/001490.npy,128->256,cluster_2
data/raw/train/NoisyLR/001491.npy,data/raw/train/GT/001491.npy,128->256,cluster_2
data/raw/train/NoisyLR/001492.npy,data/raw/train/GT/001492.npy,128->256,cluster_0
data/raw/train/NoisyLR/001494.npy,data/raw/train/GT/001494.npy,128->256,cluster_2
data/raw/train/NoisyLR/001495.npy,data/raw/train/GT/001495.npy,128->256,cluster_2
data/raw/train/NoisyLR/001499.npy,data/raw/train/GT/001499.npy,128->256,cluster_2
data/raw/train/NoisyLR/001500.npy,data/raw/train/GT/001500.npy,128->256,cluster_0
data/raw/train/NoisyLR/001501.npy,data/raw/train/GT/001501.npy,128->256,cluster_0
data/raw/train/NoisyLR/001502.npy,data/raw/train/GT/001502.npy,128->256,cluster_0
data/raw/train/NoisyLR/001503.npy,data/raw/train/GT/001503.npy,128->256,cluster_0
data/raw/train/NoisyLR/001504.npy,data/raw/train/GT/001504.npy,128->256,cluster_0
data/raw/train/NoisyLR/001505.npy,data/raw/train/GT/001505.npy,128->256,cluster_0
data/raw/train/NoisyLR/001506.npy,data/raw/train/GT/001506.npy,128->256,cluster_0
data/raw/train/NoisyLR/001507.npy,data/raw/train/GT/001507.npy,128->256,cluster_0
data/raw/train/NoisyLR/001509.npy,data/raw/train/GT/001509.npy,128->256,cluster_2
data/raw/train/NoisyLR/001511.npy,data/raw/train/GT/001511.npy,128->256,cluster_2
data/raw/train/NoisyLR/001512.npy,data/raw/train/GT/001512.npy,128->256,cluster_1
data/raw/train/NoisyLR/001513.npy,data/raw/train/GT/001513.npy,128->256,cluster_0
data/raw/train/NoisyLR/001514.npy,data/raw/train/GT/001514.npy,128->256,cluster_0
data/raw/train/NoisyLR/001515.npy,data/raw/train/GT/001515.npy,128->256,cluster_0
data/raw/train/NoisyLR/001517.npy,data/raw/train/GT/001517.npy,128->256,cluster_0
data/raw/train/NoisyLR/001518.npy,data/raw/train/GT/001518.npy,128->256,cluster_0
data/raw/train/NoisyLR/001519.npy,data/raw/train/GT/001519.npy,128->256,cluster_0
data/raw/train/NoisyLR/001520.npy,data/raw/train/GT/001520.npy,128->256,cluster_1
data/raw/train/NoisyLR/001521.npy,data/raw/train/GT/001521.npy,128->256,cluster_2
data/raw/train/NoisyLR/001522.npy,data/raw/train/GT/001522.npy,128->256,cluster_2
data/raw/train/NoisyLR/001523.npy,data/raw/train/GT/001523.npy,128->256,cluster_0
data/raw/train/NoisyLR/001524.npy,data/raw/train/GT/001524.npy,128->256,cluster_0
data/raw/train/NoisyLR/001525.npy,data/raw/train/GT/001525.npy,128->256,cluster_0
data/raw/train/NoisyLR/001526.npy,data/raw/train/GT/001526.npy,128->256,cluster_0
data/raw/train/NoisyLR/001527.npy,data/raw/train/GT/001527.npy,128->256,cluster_0
data/raw/train/NoisyLR/001528.npy,data/raw/train/GT/001528.npy,128->256,cluster_1
data/raw/train/NoisyLR/001529.npy,data/raw/train/GT/001529.npy,128->256,cluster_0
data/raw/train/NoisyLR/001530.npy,data/raw/train/GT/001530.npy,128->256,cluster_0
data/raw/train/NoisyLR/001531.npy,data/raw/train/GT/001531.npy,128->256,cluster_0
data/raw/train/NoisyLR/001532.npy,data/raw/train/GT/001532.npy,128->256,cluster_0
data/raw/train/NoisyLR/001533.npy,data/raw/train/GT/001533.npy,128->256,cluster_0
data/raw/train/NoisyLR/001534.npy,data/raw/train/GT/001534.npy,128->256,cluster_0
data/raw/train/NoisyLR/001535.npy,data/raw/train/GT/001535.npy,128->256,cluster_0
data/raw/train/NoisyLR/001536.npy,data/raw/train/GT/001536.npy,128->256,cluster_0
data/raw/train/NoisyLR/001537.npy,data/raw/train/GT/001537.npy,128->256,cluster_0
data/raw/train/NoisyLR/001538.npy,data/raw/train/GT/001538.npy,128->256,cluster_0
data/raw/train/NoisyLR/001539.npy,data/raw/train/GT/001539.npy,128->256,cluster_0
data/raw/train/NoisyLR/001541.npy,data/raw/train/GT/001541.npy,128->256,cluster_1
data/raw/train/NoisyLR/001542.npy,data/raw/train/GT/001542.npy,128->256,cluster_1
data/raw/train/NoisyLR/001543.npy,data/raw/train/GT/001543.npy,128->256,cluster_1
data/raw/train/NoisyLR/001544.npy,data/raw/train/GT/001544.npy,128->256,cluster_0
data/raw/train/NoisyLR/001545.npy,data/raw/train/GT/001545.npy,128->256,cluster_0
data/raw/train/NoisyLR/001546.npy,data/raw/train/GT/001546.npy,128->256,cluster_0
data/raw/train/NoisyLR/001547.npy,data/raw/train/GT/001547.npy,128->256,cluster_0
data/raw/train/NoisyLR/001548.npy,data/raw/train/GT/001548.npy,128->256,cluster_1
data/raw/train/NoisyLR/001549.npy,data/raw/train/GT/001549.npy,128->256,cluster_0
data/raw/train/NoisyLR/001550.npy,data/raw/train/GT/001550.npy,128->256,cluster_0
data/raw/train/NoisyLR/001551.npy,data/raw/train/GT/001551.npy,128->256,cluster_0
data/raw/train/NoisyLR/001552.npy,data/raw/train/GT/001552.npy,128->256,cluster_2
data/raw/train/NoisyLR/001555.npy,data/raw/train/GT/001555.npy,128->256,cluster_2
data/raw/train/NoisyLR/001556.npy,data/raw/train/GT/001556.npy,128->256,cluster_1
data/raw/train/NoisyLR/001557.npy,data/raw/train/GT/001557.npy,128->256,cluster_2
data/raw/train/NoisyLR/001558.npy,data/raw/train/GT/001558.npy,128->256,cluster_2
data/raw/train/NoisyLR/001559.npy,data/raw/train/GT/001559.npy,128->256,cluster_2
data/raw/train/NoisyLR/001560.npy,data/raw/train/GT/001560.npy,128->256,cluster_0
data/raw/train/NoisyLR/001561.npy,data/raw/train/GT/001561.npy,128->256,cluster_2
data/raw/train/NoisyLR/001564.npy,data/raw/train/GT/001564.npy,128->256,cluster_2
data/raw/train/NoisyLR/001566.npy,data/raw/train/GT/001566.npy,128->256,cluster_2
data/raw/train/NoisyLR/001568.npy,data/raw/train/GT/001568.npy,128->256,cluster_0
data/raw/train/NoisyLR/001569.npy,data/raw/train/GT/001569.npy,128->256,cluster_0
data/raw/train/NoisyLR/001570.npy,data/raw/train/GT/001570.npy,128->256,cluster_0
data/raw/train/NoisyLR/001571.npy,data/raw/train/GT/001571.npy,128->256,cluster_0
data/raw/train/NoisyLR/001573.npy,data/raw/train/GT/001573.npy,128->256,cluster_2
data/raw/train/NoisyLR/001574.npy,data/raw/train/GT/001574.npy,128->256,cluster_2
data/raw/train/NoisyLR/001577.npy,data/raw/train/GT/001577.npy,128->256,cluster_0
data/raw/train/NoisyLR/001578.npy,data/raw/train/GT/001578.npy,128->256,cluster_0
data/raw/train/NoisyLR/001579.npy,data/raw/train/GT/001579.npy,128->256,cluster_0
data/raw/train/NoisyLR/001580.npy,data/raw/train/GT/001580.npy,128->256,cluster_0
data/raw/train/NoisyLR/001581.npy,data/raw/train/GT/001581.npy,128->256,cluster_0
data/raw/train/NoisyLR/001582.npy,data/raw/train/GT/001582.npy,128->256,cluster_0
data/raw/train/NoisyLR/001583.npy,data/raw/train/GT/001583.npy,128->256,cluster_2
data/raw/train/NoisyLR/001587.npy,data/raw/train/GT/001587.npy,128->256,cluster_2
data/raw/train/NoisyLR/001588.npy,data/raw/train/GT/001588.npy,128->256,cluster_1
data/raw/train/NoisyLR/001592.npy,data/raw/train/GT/001592.npy,128->256,cluster_1
data/raw/train/NoisyLR/001593.npy,data/raw/train/GT/001593.npy,128->256,cluster_1
data/raw/train/NoisyLR/001594.npy,data/raw/train/GT/001594.npy,128->256,cluster_1
data/raw/train/NoisyLR/001595.npy,data/raw/train/GT/001595.npy,128->256,cluster_1
data/raw/train/NoisyLR/001598.npy,data/raw/train/GT/001598.npy,128->256,cluster_2
data/raw/train/NoisyLR/001600.npy,data/raw/train/GT/001600.npy,128->256,cluster_0
data/raw/train/NoisyLR/001601.npy,data/raw/train/GT/001601.npy,128->256,cluster_0
data/raw/train/NoisyLR/001602.npy,data/raw/train/GT/001602.npy,128->256,cluster_0
data/raw/train/NoisyLR/001603.npy,data/raw/train/GT/001603.npy,128->256,cluster_0
data/raw/train/NoisyLR/001604.npy,data/raw/train/GT/001604.npy,128->256,cluster_0
data/raw/train/NoisyLR/001606.npy,data/raw/train/GT/001606.npy,128->256,cluster_2
data/raw/train/NoisyLR/001609.npy,data/raw/train/GT/001609.npy,128->256,cluster_2
data/raw/train/NoisyLR/001613.npy,data/raw/train/GT/001613.npy,128->256,cluster_0
data/raw/train/NoisyLR/001614.npy,data/raw/train/GT/001614.npy,128->256,cluster_0
data/raw/train/NoisyLR/001615.npy,data/raw/train/GT/001615.npy,128->256,cluster_0
data/raw/train/NoisyLR/001616.npy,data/raw/train/GT/001616.npy,128->256,cluster_2
data/raw/train/NoisyLR/001617.npy,data/raw/train/GT/001617.npy,128->256,cluster_0
data/raw/train/NoisyLR/001619.npy,data/raw/train/GT/001619.npy,128->256,cluster_0
data/raw/train/NoisyLR/001620.npy,data/raw/train/GT/001620.npy,128->256,cluster_0
data/raw/train/NoisyLR/001621.npy,data/raw/train/GT/001621.npy,128->256,cluster_1
data/raw/train/NoisyLR/001622.npy,data/raw/train/GT/001622.npy,128->256,cluster_1
data/raw/train/NoisyLR/001623.npy,data/raw/train/GT/001623.npy,128->256,cluster_1
data/raw/train/NoisyLR/001624.npy,data/raw/train/GT/001624.npy,128->256,cluster_2
data/raw/train/NoisyLR/001625.npy,data/raw/train/GT/001625.npy,128->256,cluster_1
data/raw/train/NoisyLR/001626.npy,data/raw/train/GT/001626.npy,128->256,cluster_1
data/raw/train/NoisyLR/001627.npy,data/raw/train/GT/001627.npy,128->256,cluster_1
data/raw/train/NoisyLR/001628.npy,data/raw/train/GT/001628.npy,128->256,cluster_1
data/raw/train/NoisyLR/001629.npy,data/raw/train/GT/001629.npy,128->256,cluster_0
data/raw/train/NoisyLR/001630.npy,data/raw/train/GT/001630.npy,128->256,cluster_0
data/raw/train/NoisyLR/001631.npy,data/raw/train/GT/001631.npy,128->256,cluster_0
data/raw/train/NoisyLR/001632.npy,data/raw/train/GT/001632.npy,128->256,cluster_2
data/raw/train/NoisyLR/001635.npy,data/raw/train/GT/001635.npy,128->256,cluster_1
data/raw/train/NoisyLR/001636.npy,data/raw/train/GT/001636.npy,128->256,cluster_2
data/raw/train/NoisyLR/001637.npy,data/raw/train/GT/001637.npy,128->256,cluster_0
data/raw/train/NoisyLR/001638.npy,data/raw/train/GT/001638.npy,128->256,cluster_0
data/raw/train/NoisyLR/001639.npy,data/raw/train/GT/001639.npy,128->256,cluster_0
data/raw/train/NoisyLR/001640.npy,data/raw/train/GT/001640.npy,128->256,cluster_0
data/raw/train/NoisyLR/001641.npy,data/raw/train/GT/001641.npy,128->256,cluster_0
data/raw/train/NoisyLR/001642.npy,data/raw/train/GT/001642.npy,128->256,cluster_0
data/raw/train/NoisyLR/001643.npy,data/raw/train/GT/001643.npy,128->256,cluster_0
data/raw/train/NoisyLR/001645.npy,data/raw/train/GT/001645.npy,128->256,cluster_2
data/raw/train/NoisyLR/001646.npy,data/raw/train/GT/001646.npy,128->256,cluster_2
data/raw/train/NoisyLR/001648.npy,data/raw/train/GT/001648.npy,128->256,cluster_2
data/raw/train/NoisyLR/001649.npy,data/raw/train/GT/001649.npy,128->256,cluster_0
data/raw/train/NoisyLR/001650.npy,data/raw/train/GT/001650.npy,128->256,cluster_0
data/raw/train/NoisyLR/001651.npy,data/raw/train/GT/001651.npy,128->256,cluster_0
data/raw/train/NoisyLR/001652.npy,data/raw/train/GT/001652.npy,128->256,cluster_0
data/raw/train/NoisyLR/001653.npy,data/raw/train/GT/001653.npy,128->256,cluster_1
data/raw/train/NoisyLR/001654.npy,data/raw/train/GT/001654.npy,128->256,cluster_1
data/raw/train/NoisyLR/001655.npy,data/raw/train/GT/001655.npy,128->256,cluster_1
data/raw/train/NoisyLR/001656.npy,data/raw/train/GT/001656.npy,128->256,cluster_1
data/raw/train/NoisyLR/001657.npy,data/raw/train/GT/001657.npy,128->256,cluster_2
data/raw/train/NoisyLR/001660.npy,data/raw/train/GT/001660.npy,128->256,cluster_0
data/raw/train/NoisyLR/001661.npy,data/raw/train/GT/001661.npy,128->256,cluster_2
data/raw/train/NoisyLR/001662.npy,data/raw/train/GT/001662.npy,128->256,cluster_1
data/raw/train/NoisyLR/001665.npy,data/raw/train/GT/001665.npy,128->256,cluster_2
data/raw/train/NoisyLR/001666.npy,data/raw/train/GT/001666.npy,128->256,cluster_2
data/raw/train/NoisyLR/001667.npy,data/raw/train/GT/001667.npy,128->256,cluster_2
data/raw/train/NoisyLR/001668.npy,data/raw/train/GT/001668.npy,128->256,cluster_2
data/raw/train/NoisyLR/001669.npy,data/raw/train/GT/001669.npy,128->256,cluster_1
data/raw/train/NoisyLR/001670.npy,data/raw/train/GT/001670.npy,128->256,cluster_1
data/raw/train/NoisyLR/001671.npy,data/raw/train/GT/001671.npy,128->256,cluster_1
data/raw/train/NoisyLR/001673.npy,data/raw/train/GT/001673.npy,128->256,cluster_0
data/raw/train/NoisyLR/001674.npy,data/raw/train/GT/001674.npy,128->256,cluster_0
data/raw/train/NoisyLR/001675.npy,data/raw/train/GT/001675.npy,128->256,cluster_0
data/raw/train/NoisyLR/001676.npy,data/raw/train/GT/001676.npy,128->256,cluster_0
data/raw/train/NoisyLR/001677.npy,data/raw/train/GT/001677.npy,128->256,cluster_0
data/raw/train/NoisyLR/001678.npy,data/raw/train/GT/001678.npy,128->256,cluster_0
data/raw/train/NoisyLR/001679.npy,data/raw/train/GT/001679.npy,128->256,cluster_0
data/raw/train/NoisyLR/001680.npy,data/raw/train/GT/001680.npy,128->256,cluster_1
data/raw/train/NoisyLR/001683.npy,data/raw/train/GT/001683.npy,128->256,cluster_2
data/raw/train/NoisyLR/001684.npy,data/raw/train/GT/001684.npy,128->256,cluster_0
data/raw/train/NoisyLR/001686.npy,data/raw/train/GT/001686.npy,128->256,cluster_2
data/raw/train/NoisyLR/001687.npy,data/raw/train/GT/001687.npy,128->256,cluster_2
data/raw/train/NoisyLR/001688.npy,data/raw/train/GT/001688.npy,128->256,cluster_1
data/raw/train/NoisyLR/001689.npy,data/raw/train/GT/001689.npy,128->256,cluster_1
data/raw/train/NoisyLR/001690.npy,data/raw/train/GT/001690.npy,128->256,cluster_1
data/raw/train/NoisyLR/001691.npy,data/raw/train/GT/001691.npy,128->256,cluster_1
data/raw/train/NoisyLR/001692.npy,data/raw/train/GT/001692.npy,128->256,cluster_0
data/raw/train/NoisyLR/001693.npy,data/raw/train/GT/001693.npy,128->256,cluster_2
data/raw/train/NoisyLR/001694.npy,data/raw/train/GT/001694.npy,128->256,cluster_2
data/raw/train/NoisyLR/001696.npy,data/raw/train/GT/001696.npy,128->256,cluster_2
data/raw/train/NoisyLR/001697.npy,data/raw/train/GT/001697.npy,128->256,cluster_0
data/raw/train/NoisyLR/001698.npy,data/raw/train/GT/001698.npy,128->256,cluster_0
data/raw/train/NoisyLR/001699.npy,data/raw/train/GT/001699.npy,128->256,cluster_0
data/raw/train/NoisyLR/001700.npy,data/raw/train/GT/001700.npy,128->256,cluster_2
data/raw/train/NoisyLR/001701.npy,data/raw/train/GT/001701.npy,128->256,cluster_0
data/raw/train/NoisyLR/001702.npy,data/raw/train/GT/001702.npy,128->256,cluster_0
data/raw/train/NoisyLR/001703.npy,data/raw/train/GT/001703.npy,128->256,cluster_0
data/raw/train/NoisyLR/001704.npy,data/raw/train/GT/001704.npy,128->256,cluster_2
data/raw/train/NoisyLR/001705.npy,data/raw/train/GT/001705.npy,128->256,cluster_1
data/raw/train/NoisyLR/001706.npy,data/raw/train/GT/001706.npy,128->256,cluster_1
data/raw/train/NoisyLR/001707.npy,data/raw/train/GT/001707.npy,128->256,cluster_1
data/raw/train/NoisyLR/001708.npy,data/raw/train/GT/001708.npy,128->256,cluster_1
data/raw/train/NoisyLR/001709.npy,data/raw/train/GT/001709.npy,128->256,cluster_1
data/raw/train/NoisyLR/001710.npy,data/raw/train/GT/001710.npy,128->256,cluster_1
data/raw/train/NoisyLR/001711.npy,data/raw/train/GT/001711.npy,128->256,cluster_1
data/raw/train/NoisyLR/001712.npy,data/raw/train/GT/001712.npy,128->256,cluster_2
data/raw/train/NoisyLR/001713.npy,data/raw/train/GT/001713.npy,128->256,cluster_2
data/raw/train/NoisyLR/001716.npy,data/raw/train/GT/001716.npy,128->256,cluster_1
data/raw/train/NoisyLR/001717.npy,data/raw/train/GT/001717.npy,128->256,cluster_1
data/raw/train/NoisyLR/001718.npy,data/raw/train/GT/001718.npy,128->256,cluster_1
data/raw/train/NoisyLR/001719.npy,data/raw/train/GT/001719.npy,128->256,cluster_1
data/raw/train/NoisyLR/001720.npy,data/raw/train/GT/001720.npy,128->256,cluster_1
data/raw/train/NoisyLR/001721.npy,data/raw/train/GT/001721.npy,128->256,cluster_0
data/raw/train/NoisyLR/001722.npy,data/raw/train/GT/001722.npy,128->256,cluster_0
data/raw/train/NoisyLR/001723.npy,data/raw/train/GT/001723.npy,128->256,cluster_0
data/raw/train/NoisyLR/001724.npy,data/raw/train/GT/001724.npy,128->256,cluster_0
data/raw/train/NoisyLR/001725.npy,data/raw/train/GT/001725.npy,128->256,cluster_1
data/raw/train/NoisyLR/001726.npy,data/raw/train/GT/001726.npy,128->256,cluster_1
data/raw/train/NoisyLR/001727.npy,data/raw/train/GT/001727.npy,128->256,cluster_1
data/raw/train/NoisyLR/001728.npy,data/raw/train/GT/001728.npy,128->256,cluster_0
data/raw/train/NoisyLR/001729.npy,data/raw/train/GT/001729.npy,128->256,cluster_1
data/raw/train/NoisyLR/001733.npy,data/raw/train/GT/001733.npy,128->256,cluster_0
data/raw/train/NoisyLR/001734.npy,data/raw/train/GT/001734.npy,128->256,cluster_0
data/raw/train/NoisyLR/001735.npy,data/raw/train/GT/001735.npy,128->256,cluster_0
data/raw/train/NoisyLR/001736.npy,data/raw/train/GT/001736.npy,128->256,cluster_2
data/raw/train/NoisyLR/001737.npy,data/raw/train/GT/001737.npy,128->256,cluster_0
data/raw/train/NoisyLR/001738.npy,data/raw/train/GT/001738.npy,128->256,cluster_0
data/raw/train/NoisyLR/001739.npy,data/raw/train/GT/001739.npy,128->256,cluster_0
data/raw/train/NoisyLR/001740.npy,data/raw/train/GT/001740.npy,128->256,cluster_0
data/raw/train/NoisyLR/001741.npy,data/raw/train/GT/001741.npy,128->256,cluster_0
data/raw/train/NoisyLR/001742.npy,data/raw/train/GT/001742.npy,128->256,cluster_0
data/raw/train/NoisyLR/001743.npy,data/raw/train/GT/001743.npy,128->256,cluster_0
data/raw/train/NoisyLR/001745.npy,data/raw/train/GT/001745.npy,128->256,cluster_1
data/raw/train/NoisyLR/001746.npy,data/raw/train/GT/001746.npy,128->256,cluster_1
data/raw/train/NoisyLR/001748.npy,data/raw/train/GT/001748.npy,128->256,cluster_0
data/raw/train/NoisyLR/001749.npy,data/raw/train/GT/001749.npy,128->256,cluster_1
data/raw/train/NoisyLR/001750.npy,data/raw/train/GT/001750.npy,128->256,cluster_1
data/raw/train/NoisyLR/001751.npy,data/raw/train/GT/001751.npy,128->256,cluster_1
data/raw/train/NoisyLR/001752.npy,data/raw/train/GT/001752.npy,128->256,cluster_1
data/raw/train/NoisyLR/001755.npy,data/raw/train/GT/001755.npy,128->256,cluster_2
data/raw/train/NoisyLR/001756.npy,data/raw/train/GT/001756.npy,128->256,cluster_0
data/raw/train/NoisyLR/001757.npy,data/raw/train/GT/001757.npy,128->256,cluster_0
data/raw/train/NoisyLR/001758.npy,data/raw/train/GT/001758.npy,128->256,cluster_0
data/raw/train/NoisyLR/001759.npy,data/raw/train/GT/001759.npy,128->256,cluster_0
data/raw/train/NoisyLR/001760.npy,data/raw/train/GT/001760.npy,128->256,cluster_2
data/raw/train/NoisyLR/001761.npy,data/raw/train/GT/001761.npy,128->256,cluster_0
data/raw/train/NoisyLR/001762.npy,data/raw/train/GT/001762.npy,128->256,cluster_0
data/raw/train/NoisyLR/001763.npy,data/raw/train/GT/001763.npy,128->256,cluster_0
data/raw/train/NoisyLR/001764.npy,data/raw/train/GT/001764.npy,128->256,cluster_1
data/raw/train/NoisyLR/001768.npy,data/raw/train/GT/001768.npy,128->256,cluster_1
data/raw/train/NoisyLR/001769.npy,data/raw/train/GT/001769.npy,128->256,cluster_1
data/raw/train/NoisyLR/001770.npy,data/raw/train/GT/001770.npy,128->256,cluster_1
data/raw/train/NoisyLR/001771.npy,data/raw/train/GT/001771.npy,128->256,cluster_1
data/raw/train/NoisyLR/001773.npy,data/raw/train/GT/001773.npy,128->256,cluster_0
data/raw/train/NoisyLR/001774.npy,data/raw/train/GT/001774.npy,128->256,cluster_0
data/raw/train/NoisyLR/001775.npy,data/raw/train/GT/001775.npy,128->256,cluster_0
data/raw/train/NoisyLR/001779.npy,data/raw/train/GT/001779.npy,128->256,cluster_2
data/raw/train/NoisyLR/001780.npy,data/raw/train/GT/001780.npy,128->256,cluster_1
data/raw/train/NoisyLR/001781.npy,data/raw/train/GT/001781.npy,128->256,cluster_1
data/raw/train/NoisyLR/001782.npy,data/raw/train/GT/001782.npy,128->256,cluster_1
data/raw/train/NoisyLR/001783.npy,data/raw/train/GT/001783.npy,128->256,cluster_1
data/raw/train/NoisyLR/001784.npy,data/raw/train/GT/001784.npy,128->256,cluster_0
data/raw/train/NoisyLR/001787.npy,data/raw/train/GT/001787.npy,128->256,cluster_2
data/raw/train/NoisyLR/001788.npy,data/raw/train/GT/001788.npy,128->256,cluster_0
data/raw/train/NoisyLR/001789.npy,data/raw/train/GT/001789.npy,128->256,cluster_1
data/raw/train/NoisyLR/001790.npy,data/raw/train/GT/001790.npy,128->256,cluster_1
data/raw/train/NoisyLR/001791.npy,data/raw/train/GT/001791.npy,128->256,cluster_1
data/raw/train/NoisyLR/001792.npy,data/raw/train/GT/001792.npy,128->256,cluster_0
data/raw/train/NoisyLR/001793.npy,data/raw/train/GT/001793.npy,128->256,cluster_1
data/raw/train/NoisyLR/001794.npy,data/raw/train/GT/001794.npy,128->256,cluster_1
data/raw/train/NoisyLR/001795.npy,data/raw/train/GT/001795.npy,128->256,cluster_1
data/raw/train/NoisyLR/001796.npy,data/raw/train/GT/001796.npy,128->256,cluster_0
data/raw/train/NoisyLR/001799.npy,data/raw/train/GT/001799.npy,128->256,cluster_2
data/raw/train/NoisyLR/001800.npy,data/raw/train/GT/001800.npy,128->256,cluster_0
data/raw/train/NoisyLR/001801.npy,data/raw/train/GT/001801.npy,128->256,cluster_0
data/raw/train/NoisyLR/001802.npy,data/raw/train/GT/001802.npy,128->256,cluster_0
data/raw/train/NoisyLR/001803.npy,data/raw/train/GT/001803.npy,128->256,cluster_0
data/raw/train/NoisyLR/001804.npy,data/raw/train/GT/001804.npy,128->256,cluster_1
data/raw/train/NoisyLR/001805.npy,data/raw/train/GT/001805.npy,128->256,cluster_2
data/raw/train/NoisyLR/001806.npy,data/raw/train/GT/001806.npy,128->256,cluster_2
data/raw/train/NoisyLR/001807.npy,data/raw/train/GT/001807.npy,128->256,cluster_2
data/raw/train/NoisyLR/001808.npy,data/raw/train/GT/001808.npy,128->256,cluster_2
data/raw/train/NoisyLR/001809.npy,data/raw/train/GT/001809.npy,128->256,cluster_0
data/raw/train/NoisyLR/001810.npy,data/raw/train/GT/001810.npy,128->256,cluster_0
data/raw/train/NoisyLR/001811.npy,data/raw/train/GT/001811.npy,128->256,cluster_0
data/raw/train/NoisyLR/001812.npy,data/raw/train/GT/001812.npy,128->256,cluster_2
data/raw/train/NoisyLR/001813.npy,data/raw/train/GT/001813.npy,128->256,cluster_2
data/raw/train/NoisyLR/001815.npy,data/raw/train/GT/001815.npy,128->256,cluster_1
data/raw/train/NoisyLR/001817.npy,data/raw/train/GT/001817.npy,128->256,cluster_0
data/raw/train/NoisyLR/001818.npy,data/raw/train/GT/001818.npy,128->256,cluster_2
data/raw/train/NoisyLR/001820.npy,data/raw/train/GT/001820.npy,128->256,cluster_1
data/raw/train/NoisyLR/001823.npy,data/raw/train/GT/001823.npy,128->256,cluster_2
data/raw/train/NoisyLR/001825.npy,data/raw/train/GT/001825.npy,128->256,cluster_0
data/raw/train/NoisyLR/001826.npy,data/raw/train/GT/001826.npy,128->256,cluster_0
data/raw/train/NoisyLR/001827.npy,data/raw/train/GT/001827.npy,128->256,cluster_0
data/raw/train/NoisyLR/001830.npy,data/raw/train/GT/001830.npy,128->256,cluster_2
data/raw/train/NoisyLR/001831.npy,data/raw/train/GT/001831.npy,128->256,cluster_2
data/raw/train/NoisyLR/001832.npy,data/raw/train/GT/001832.npy,128->256,cluster_2
data/raw/train/NoisyLR/001833.npy,data/raw/train/GT/001833.npy,128->256,cluster_0
data/raw/train/NoisyLR/001834.npy,data/raw/train/GT/001834.npy,128->256,cluster_0
data/raw/train/NoisyLR/001835.npy,data/raw/train/GT/001835.npy,128->256,cluster_0
data/raw/train/NoisyLR/001836.npy,data/raw/train/GT/001836.npy,128->256,cluster_0
data/raw/train/NoisyLR/001837.npy,data/raw/train/GT/001837.npy,128->256,cluster_0
data/raw/train/NoisyLR/001838.npy,data/raw/train/GT/001838.npy,128->256,cluster_0
data/raw/train/NoisyLR/001839.npy,data/raw/train/GT/001839.npy,128->256,cluster_0
data/raw/train/NoisyLR/001840.npy,data/raw/train/GT/001840.npy,128->256,cluster_1
data/raw/train/NoisyLR/001841.npy,data/raw/train/GT/001841.npy,128->256,cluster_2
data/raw/train/NoisyLR/001842.npy,data/raw/train/GT/001842.npy,128->256,cluster_2
data/raw/train/NoisyLR/001843.npy,data/raw/train/GT/001843.npy,128->256,cluster_0
data/raw/train/NoisyLR/001844.npy,data/raw/train/GT/001844.npy,128->256,cluster_1
data/raw/train/NoisyLR/001845.npy,data/raw/train/GT/001845.npy,128->256,cluster_0
data/raw/train/NoisyLR/001846.npy,data/raw/train/GT/001846.npy,128->256,cluster_0
data/raw/train/NoisyLR/001847.npy,data/raw/train/GT/001847.npy,128->256,cluster_0
data/raw/train/NoisyLR/001849.npy,data/raw/train/GT/001849.npy,128->256,cluster_1
data/raw/train/NoisyLR/001850.npy,data/raw/train/GT/001850.npy,128->256,cluster_1
data/raw/train/NoisyLR/001851.npy,data/raw/train/GT/001851.npy,128->256,cluster_1
data/raw/train/NoisyLR/001852.npy,data/raw/train/GT/001852.npy,128->256,cluster_1
data/raw/train/NoisyLR/001853.npy,data/raw/train/GT/001853.npy,128->256,cluster_2
data/raw/train/NoisyLR/001856.npy,data/raw/train/GT/001856.npy,128->256,cluster_0
data/raw/train/NoisyLR/001857.npy,data/raw/train/GT/001857.npy,128->256,cluster_1
data/raw/train/NoisyLR/001858.npy,data/raw/train/GT/001858.npy,128->256,cluster_2
data/raw/train/NoisyLR/001859.npy,data/raw/train/GT/001859.npy,128->256,cluster_1
data/raw/train/NoisyLR/001861.npy,data/raw/train/GT/001861.npy,128->256,cluster_2
data/raw/train/NoisyLR/001862.npy,data/raw/train/GT/001862.npy,128->256,cluster_1
data/raw/train/NoisyLR/001863.npy,data/raw/train/GT/001863.npy,128->256,cluster_2
data/raw/train/NoisyLR/001865.npy,data/raw/train/GT/001865.npy,128->256,cluster_1
data/raw/train/NoisyLR/001866.npy,data/raw/train/GT/001866.npy,128->256,cluster_1
data/raw/train/NoisyLR/001867.npy,data/raw/train/GT/001867.npy,128->256,cluster_1
data/raw/train/NoisyLR/001868.npy,data/raw/train/GT/001868.npy,128->256,cluster_2
data/raw/train/NoisyLR/001869.npy,data/raw/train/GT/001869.npy,128->256,cluster_1
data/raw/train/NoisyLR/001870.npy,data/raw/train/GT/001870.npy,128->256,cluster_1
data/raw/train/NoisyLR/001871.npy,data/raw/train/GT/001871.npy,128->256,cluster_1
data/raw/train/NoisyLR/001872.npy,data/raw/train/GT/001872.npy,128->256,cluster_0
data/raw/train/NoisyLR/001873.npy,data/raw/train/GT/001873.npy,128->256,cluster_0
data/raw/train/NoisyLR/001874.npy,data/raw/train/GT/001874.npy,128->256,cluster_0
data/raw/train/NoisyLR/001875.npy,data/raw/train/GT/001875.npy,128->256,cluster_0
data/raw/train/NoisyLR/001876.npy,data/raw/train/GT/001876.npy,128->256,cluster_2
data/raw/train/NoisyLR/001877.npy,data/raw/train/GT/001877.npy,128->256,cluster_2
data/raw/train/NoisyLR/001878.npy,data/raw/train/GT/001878.npy,128->256,cluster_2
data/raw/train/NoisyLR/001879.npy,data/raw/train/GT/001879.npy,128->256,cluster_2
data/raw/train/NoisyLR/001880.npy,data/raw/train/GT/001880.npy,128->256,cluster_1
data/raw/train/NoisyLR/001881.npy,data/raw/train/GT/001881.npy,128->256,cluster_1
data/raw/train/NoisyLR/001882.npy,data/raw/train/GT/001882.npy,128->256,cluster_1
data/raw/train/NoisyLR/001883.npy,data/raw/train/GT/001883.npy,128->256,cluster_1
data/raw/train/NoisyLR/001884.npy,data/raw/train/GT/001884.npy,128->256,cluster_1
data/raw/train/NoisyLR/001885.npy,data/raw/train/GT/001885.npy,128->256,cluster_1
data/raw/train/NoisyLR/001886.npy,data/raw/train/GT/001886.npy,128->256,cluster_1
data/raw/train/NoisyLR/001887.npy,data/raw/train/GT/001887.npy,128->256,cluster_1
data/raw/train/NoisyLR/001888.npy,data/raw/train/GT/001888.npy,128->256,cluster_0
data/raw/train/NoisyLR/001889.npy,data/raw/train/GT/001889.npy,128->256,cluster_2
data/raw/train/NoisyLR/001890.npy,data/raw/train/GT/001890.npy,128->256,cluster_2
data/raw/train/NoisyLR/001892.npy,data/raw/train/GT/001892.npy,128->256,cluster_1
data/raw/train/NoisyLR/001893.npy,data/raw/train/GT/001893.npy,128->256,cluster_2
data/raw/train/NoisyLR/001894.npy,data/raw/train/GT/001894.npy,128->256,cluster_2
data/raw/train/NoisyLR/001895.npy,data/raw/train/GT/001895.npy,128->256,cluster_2
data/raw/train/NoisyLR/001896.npy,data/raw/train/GT/001896.npy,128->256,cluster_2
data/raw/train/NoisyLR/001897.npy,data/raw/train/GT/001897.npy,128->256,cluster_1
data/raw/train/NoisyLR/001898.npy,data/raw/train/GT/001898.npy,128->256,cluster_1
data/raw/train/NoisyLR/001899.npy,data/raw/train/GT/001899.npy,128->256,cluster_1
data/raw/train/NoisyLR/001900.npy,data/raw/train/GT/001900.npy,128->256,cluster_0
data/raw/train/NoisyLR/001902.npy,data/raw/train/GT/001902.npy,128->256,cluster_0
data/raw/train/NoisyLR/001904.npy,data/raw/train/GT/001904.npy,128->256,cluster_2
data/raw/train/NoisyLR/001905.npy,data/raw/train/GT/001905.npy,128->256,cluster_1
data/raw/train/NoisyLR/001906.npy,data/raw/train/GT/001906.npy,128->256,cluster_1
data/raw/train/NoisyLR/001907.npy,data/raw/train/GT/001907.npy,128->256,cluster_1
data/raw/train/NoisyLR/001909.npy,data/raw/train/GT/001909.npy,128->256,cluster_0
data/raw/train/NoisyLR/001910.npy,data/raw/train/GT/001910.npy,128->256,cluster_0
data/raw/train/NoisyLR/001911.npy,data/raw/train/GT/001911.npy,128->256,cluster_0
data/raw/train/NoisyLR/001912.npy,data/raw/train/GT/001912.npy,128->256,cluster_2
data/raw/train/NoisyLR/001913.npy,data/raw/train/GT/001913.npy,128->256,cluster_0
data/raw/train/NoisyLR/001914.npy,data/raw/train/GT/001914.npy,128->256,cluster_0
data/raw/train/NoisyLR/001915.npy,data/raw/train/GT/001915.npy,128->256,cluster_0
data/raw/train/NoisyLR/001916.npy,data/raw/train/GT/001916.npy,128->256,cluster_1
data/raw/train/NoisyLR/001917.npy,data/raw/train/GT/001917.npy,128->256,cluster_0
data/raw/train/NoisyLR/001918.npy,data/raw/train/GT/001918.npy,128->256,cluster_0
data/raw/train/NoisyLR/001919.npy,data/raw/train/GT/001919.npy,128->256,cluster_0
data/raw/train/NoisyLR/001920.npy,data/raw/train/GT/001920.npy,128->256,cluster_0
data/raw/train/NoisyLR/001921.npy,data/raw/train/GT/001921.npy,128->256,cluster_2
data/raw/train/NoisyLR/001922.npy,data/raw/train/GT/001922.npy,128->256,cluster_2
data/raw/train/NoisyLR/001925.npy,data/raw/train/GT/001925.npy,128->256,cluster_1
data/raw/train/NoisyLR/001926.npy,data/raw/train/GT/001926.npy,128->256,cluster_1
data/raw/train/NoisyLR/001927.npy,data/raw/train/GT/001927.npy,128->256,cluster_1
data/raw/train/NoisyLR/001928.npy,data/raw/train/GT/001928.npy,128->256,cluster_2
data/raw/train/NoisyLR/001929.npy,data/raw/train/GT/001929.npy,128->256,cluster_0
data/raw/train/NoisyLR/001930.npy,data/raw/train/GT/001930.npy,128->256,cluster_0
data/raw/train/NoisyLR/001931.npy,data/raw/train/GT/001931.npy,128->256,cluster_0
data/raw/train/NoisyLR/001932.npy,data/raw/train/GT/001932.npy,128->256,cluster_1
data/raw/train/NoisyLR/001933.npy,data/raw/train/GT/001933.npy,128->256,cluster_1
data/raw/train/NoisyLR/001934.npy,data/raw/train/GT/001934.npy,128->256,cluster_1
data/raw/train/NoisyLR/001935.npy,data/raw/train/GT/001935.npy,128->256,cluster_1
data/raw/train/NoisyLR/001936.npy,data/raw/train/GT/001936.npy,128->256,cluster_1
data/raw/train/NoisyLR/001937.npy,data/raw/train/GT/001937.npy,128->256,cluster_1
data/raw/train/NoisyLR/001938.npy,data/raw/train/GT/001938.npy,128->256,cluster_1
data/raw/train/NoisyLR/001939.npy,data/raw/train/GT/001939.npy,128->256,cluster_1
data/raw/train/NoisyLR/001940.npy,data/raw/train/GT/001940.npy,128->256,cluster_0
data/raw/train/NoisyLR/001941.npy,data/raw/train/GT/001941.npy,128->256,cluster_0
data/raw/train/NoisyLR/001942.npy,data/raw/train/GT/001942.npy,128->256,cluster_0
data/raw/train/NoisyLR/001943.npy,data/raw/train/GT/001943.npy,128->256,cluster_0
data/raw/train/NoisyLR/001944.npy,data/raw/train/GT/001944.npy,128->256,cluster_0
data/raw/train/NoisyLR/001945.npy,data/raw/train/GT/001945.npy,128->256,cluster_2
data/raw/train/NoisyLR/001948.npy,data/raw/train/GT/001948.npy,128->256,cluster_0
data/raw/train/NoisyLR/001949.npy,data/raw/train/GT/001949.npy,128->256,cluster_2
data/raw/train/NoisyLR/001950.npy,data/raw/train/GT/001950.npy,128->256,cluster_2
data/raw/train/NoisyLR/001953.npy,data/raw/train/GT/001953.npy,128->256,cluster_0
data/raw/train/NoisyLR/001954.npy,data/raw/train/GT/001954.npy,128->256,cluster_0
data/raw/train/NoisyLR/001955.npy,data/raw/train/GT/001955.npy,128->256,cluster_0
data/raw/train/NoisyLR/001956.npy,data/raw/train/GT/001956.npy,128->256,cluster_0
data/raw/train/NoisyLR/001960.npy,data/raw/train/GT/001960.npy,128->256,cluster_0
data/raw/train/NoisyLR/001961.npy,data/raw/train/GT/001961.npy,128->256,cluster_2
data/raw/train/NoisyLR/001963.npy,data/raw/train/GT/001963.npy,128->256,cluster_2
data/raw/train/NoisyLR/001964.npy,data/raw/train/GT/001964.npy,128->256,cluster_2
data/raw/train/NoisyLR/001965.npy,data/raw/train/GT/001965.npy,128->256,cluster_2
data/raw/train/NoisyLR/001966.npy,data/raw/train/GT/001966.npy,128->256,cluster_2
data/raw/train/NoisyLR/001967.npy,data/raw/train/GT/001967.npy,128->256,cluster_2
data/raw/train/NoisyLR/001968.npy,data/raw/train/GT/001968.npy,128->256,cluster_2
data/raw/train/NoisyLR/001969.npy,data/raw/train/GT/001969.npy,128->256,cluster_1
data/raw/train/NoisyLR/001970.npy,data/raw/train/GT/001970.npy,128->256,cluster_1
data/raw/train/NoisyLR/001971.npy,data/raw/train/GT/001971.npy,128->256,cluster_1
data/raw/train/NoisyLR/001972.npy,data/raw/train/GT/001972.npy,128->256,cluster_2
data/raw/train/NoisyLR/001974.npy,data/raw/train/GT/001974.npy,128->256,cluster_0
data/raw/train/NoisyLR/001975.npy,data/raw/train/GT/001975.npy,128->256,cluster_0
data/raw/train/NoisyLR/001976.npy,data/raw/train/GT/001976.npy,128->256,cluster_1
data/raw/train/NoisyLR/001977.npy,data/raw/train/GT/001977.npy,128->256,cluster_1
data/raw/train/NoisyLR/001978.npy,data/raw/train/GT/001978.npy,128->256,cluster_1
data/raw/train/NoisyLR/001979.npy,data/raw/train/GT/001979.npy,128->256,cluster_1
data/raw/train/NoisyLR/001980.npy,data/raw/train/GT/001980.npy,128->256,cluster_0
data/raw/train/NoisyLR/001982.npy,data/raw/train/GT/001982.npy,128->256,cluster_2
data/raw/train/NoisyLR/001983.npy,data/raw/train/GT/001983.npy,128->256,cluster_2
data/raw/train/NoisyLR/001985.npy,data/raw/train/GT/001985.npy,128->256,cluster_1
data/raw/train/NoisyLR/001986.npy,data/raw/train/GT/001986.npy,128->256,cluster_1
data/raw/train/NoisyLR/001987.npy,data/raw/train/GT/001987.npy,128->256,cluster_1
data/raw/train/NoisyLR/001988.npy,data/raw/train/GT/001988.npy,128->256,cluster_1
data/raw/train/NoisyLR/001989.npy,data/raw/train/GT/001989.npy,128->256,cluster_2
data/raw/train/NoisyLR/001991.npy,data/raw/train/GT/001991.npy,128->256,cluster_2
data/raw/train/NoisyLR/001992.npy,data/raw/train/GT/001992.npy,128->256,cluster_1
data/raw/train/NoisyLR/001993.npy,data/raw/train/GT/001993.npy,128->256,cluster_0
data/raw/train/NoisyLR/001994.npy,data/raw/train/GT/001994.npy,128->256,cluster_0
data/raw/train/NoisyLR/001995.npy,data/raw/train/GT/001995.npy,128->256,cluster_2
data/raw/train/NoisyLR/001996.npy,data/raw/train/GT/001996.npy,128->256,cluster_2
data/raw/train/NoisyLR/001997.npy,data/raw/train/GT/001997.npy,128->256,cluster_0
data/raw/train/NoisyLR/001998.npy,data/raw/train/GT/001998.npy,128->256,cluster_0
data/raw/train/NoisyLR/001999.npy,data/raw/train/GT/001999.npy,128->256,cluster_0
data/raw/train/NoisyLR/002002.npy,data/raw/train/GT/002002.npy,128->256,cluster_2
data/raw/train/NoisyLR/002003.npy,data/raw/train/GT/002003.npy,128->256,cluster_2
data/raw/train/NoisyLR/002004.npy,data/raw/train/GT/002004.npy,128->256,cluster_0
data/raw/train/NoisyLR/002005.npy,data/raw/train/GT/002005.npy,128->256,cluster_0
data/raw/train/NoisyLR/002006.npy,data/raw/train/GT/002006.npy,128->256,cluster_0
data/raw/train/NoisyLR/002007.npy,data/raw/train/GT/002007.npy,128->256,cluster_0
data/raw/train/NoisyLR/002008.npy,data/raw/train/GT/002008.npy,128->256,cluster_1
data/raw/train/NoisyLR/002009.npy,data/raw/train/GT/002009.npy,128->256,cluster_1
data/raw/train/NoisyLR/002011.npy,data/raw/train/GT/002011.npy,128->256,cluster_1
data/raw/train/NoisyLR/002014.npy,data/raw/train/GT/002014.npy,128->256,cluster_0
data/raw/train/NoisyLR/002015.npy,data/raw/train/GT/002015.npy,128->256,cluster_0
data/raw/train/NoisyLR/002016.npy,data/raw/train/GT/002016.npy,128->256,cluster_1
data/raw/train/NoisyLR/002017.npy,data/raw/train/GT/002017.npy,128->256,cluster_2
data/raw/train/NoisyLR/002020.npy,data/raw/train/GT/002020.npy,128->256,cluster_0
data/raw/train/NoisyLR/002021.npy,data/raw/train/GT/002021.npy,128->256,cluster_1
data/raw/train/NoisyLR/002022.npy,data/raw/train/GT/002022.npy,128->256,cluster_1
data/raw/train/NoisyLR/002023.npy,data/raw/train/GT/002023.npy,128->256,cluster_1
data/raw/train/NoisyLR/002024.npy,data/raw/train/GT/002024.npy,128->256,cluster_2
data/raw/train/NoisyLR/002025.npy,data/raw/train/GT/002025.npy,128->256,cluster_1
data/raw/train/NoisyLR/002026.npy,data/raw/train/GT/002026.npy,128->256,cluster_1
data/raw/train/NoisyLR/002027.npy,data/raw/train/GT/002027.npy,128->256,cluster_1
data/raw/train/NoisyLR/002028.npy,data/raw/train/GT/002028.npy,128->256,cluster_2
data/raw/train/NoisyLR/002029.npy,data/raw/train/GT/002029.npy,128->256,cluster_1
data/raw/train/NoisyLR/002030.npy,data/raw/train/GT/002030.npy,128->256,cluster_1
data/raw/train/NoisyLR/002031.npy,data/raw/train/GT/002031.npy,128->256,cluster_1
data/raw/train/NoisyLR/002033.npy,data/raw/train/GT/002033.npy,128->256,cluster_0
data/raw/train/NoisyLR/002034.npy,data/raw/train/GT/002034.npy,128->256,cluster_0
data/raw/train/NoisyLR/002035.npy,data/raw/train/GT/002035.npy,128->256,cluster_0
data/raw/train/NoisyLR/002036.npy,data/raw/train/GT/002036.npy,128->256,cluster_2
data/raw/train/NoisyLR/002037.npy,data/raw/train/GT/002037.npy,128->256,cluster_2
data/raw/train/NoisyLR/002040.npy,data/raw/train/GT/002040.npy,128->256,cluster_2
data/raw/train/NoisyLR/002041.npy,data/raw/train/GT/002041.npy,128->256,cluster_1
data/raw/train/NoisyLR/002042.npy,data/raw/train/GT/002042.npy,128->256,cluster_1
data/raw/train/NoisyLR/002043.npy,data/raw/train/GT/002043.npy,128->256,cluster_1
data/raw/train/NoisyLR/002044.npy,data/raw/train/GT/002044.npy,128->256,cluster_2
data/raw/train/NoisyLR/002045.npy,data/raw/train/GT/002045.npy,128->256,cluster_1
data/raw/train/NoisyLR/002046.npy,data/raw/train/GT/002046.npy,128->256,cluster_1
data/raw/train/NoisyLR/002047.npy,data/raw/train/GT/002047.npy,128->256,cluster_1
data/raw/train/NoisyLR/002048.npy,data/raw/train/GT/002048.npy,128->256,cluster_0
data/raw/train/NoisyLR/002049.npy,data/raw/train/GT/002049.npy,128->256,cluster_0
data/raw/train/NoisyLR/002050.npy,data/raw/train/GT/002050.npy,128->256,cluster_0
data/raw/train/NoisyLR/002051.npy,data/raw/train/GT/002051.npy,128->256,cluster_0
data/raw/train/NoisyLR/002053.npy,data/raw/train/GT/002053.npy,128->256,cluster_0
data/raw/train/NoisyLR/002054.npy,data/raw/train/GT/002054.npy,128->256,cluster_0
data/raw/train/NoisyLR/002055.npy,data/raw/train/GT/002055.npy,128->256,cluster_0
data/raw/train/NoisyLR/002056.npy,data/raw/train/GT/002056.npy,128->256,cluster_0
data/raw/train/NoisyLR/002057.npy,data/raw/train/GT/002057.npy,128->256,cluster_0
data/raw/train/NoisyLR/002058.npy,data/raw/train/GT/002058.npy,128->256,cluster_0
data/raw/train/NoisyLR/002059.npy,data/raw/train/GT/002059.npy,128->256,cluster_0
data/raw/train/NoisyLR/002061.npy,data/raw/train/GT/002061.npy,128->256,cluster_1
data/raw/train/NoisyLR/002062.npy,data/raw/train/GT/002062.npy,128->256,cluster_1
data/raw/train/NoisyLR/002063.npy,data/raw/train/GT/002063.npy,128->256,cluster_1
data/raw/train/NoisyLR/002064.npy,data/raw/train/GT/002064.npy,128->256,cluster_2
data/raw/train/NoisyLR/002065.npy,data/raw/train/GT/002065.npy,128->256,cluster_2
data/raw/train/NoisyLR/002069.npy,data/raw/train/GT/002069.npy,128->256,cluster_0
data/raw/train/NoisyLR/002070.npy,data/raw/train/GT/002070.npy,128->256,cluster_0
data/raw/train/NoisyLR/002071.npy,data/raw/train/GT/002071.npy,128->256,cluster_0
data/raw/train/NoisyLR/002072.npy,data/raw/train/GT/002072.npy,128->256,cluster_2
data/raw/train/NoisyLR/002074.npy,data/raw/train/GT/002074.npy,128->256,cluster_2
data/raw/train/NoisyLR/002076.npy,data/raw/train/GT/002076.npy,128->256,cluster_1
data/raw/train/NoisyLR/002077.npy,data/raw/train/GT/002077.npy,128->256,cluster_0
data/raw/train/NoisyLR/002078.npy,data/raw/train/GT/002078.npy,128->256,cluster_0
data/raw/train/NoisyLR/002079.npy,data/raw/train/GT/002079.npy,128->256,cluster_0
data/raw/train/NoisyLR/002081.npy,data/raw/train/GT/002081.npy,128->256,cluster_1
data/raw/train/NoisyLR/002082.npy,data/raw/train/GT/002082.npy,128->256,cluster_1
data/raw/train/NoisyLR/002083.npy,data/raw/train/GT/002083.npy,128->256,cluster_1
data/raw/train/NoisyLR/002084.npy,data/raw/train/GT/002084.npy,128->256,cluster_1
data/raw/train/NoisyLR/002085.npy,data/raw/train/GT/002085.npy,128->256,cluster_1
data/raw/train/NoisyLR/002086.npy,data/raw/train/GT/002086.npy,128->256,cluster_1
data/raw/train/NoisyLR/002087.npy,data/raw/train/GT/002087.npy,128->256,cluster_1
data/raw/train/NoisyLR/002088.npy,data/raw/train/GT/002088.npy,128->256,cluster_2
data/raw/train/NoisyLR/002090.npy,data/raw/train/GT/002090.npy,128->256,cluster_2
data/raw/train/NoisyLR/002091.npy,data/raw/train/GT/002091.npy,128->256,cluster_0
data/raw/train/NoisyLR/002093.npy,data/raw/train/GT/002093.npy,128->256,cluster_2
data/raw/train/NoisyLR/002094.npy,data/raw/train/GT/002094.npy,128->256,cluster_2
data/raw/train/NoisyLR/002095.npy,data/raw/train/GT/002095.npy,128->256,cluster_2
data/raw/train/NoisyLR/002096.npy,data/raw/train/GT/002096.npy,128->256,cluster_0
data/raw/train/NoisyLR/002097.npy,data/raw/train/GT/002097.npy,128->256,cluster_1
data/raw/train/NoisyLR/002098.npy,data/raw/train/GT/002098.npy,128->256,cluster_1
data/raw/train/NoisyLR/002099.npy,data/raw/train/GT/002099.npy,128->256,cluster_1
data/raw/train/NoisyLR/002100.npy,data/raw/train/GT/002100.npy,128->256,cluster_1
data/raw/train/NoisyLR/002101.npy,data/raw/train/GT/002101.npy,128->256,cluster_2
data/raw/train/NoisyLR/002102.npy,data/raw/train/GT/002102.npy,128->256,cluster_2
data/raw/train/NoisyLR/002104.npy,data/raw/train/GT/002104.npy,128->256,cluster_1
data/raw/train/NoisyLR/002105.npy,data/raw/train/GT/002105.npy,128->256,cluster_1
data/raw/train/NoisyLR/002106.npy,data/raw/train/GT/002106.npy,128->256,cluster_1
data/raw/train/NoisyLR/002107.npy,data/raw/train/GT/002107.npy,128->256,cluster_1
data/raw/train/NoisyLR/002108.npy,data/raw/train/GT/002108.npy,128->256,cluster_2
data/raw/train/NoisyLR/002109.npy,data/raw/train/GT/002109.npy,128->256,cluster_0
data/raw/train/NoisyLR/002110.npy,data/raw/train/GT/002110.npy,128->256,cluster_0
data/raw/train/NoisyLR/002111.npy,data/raw/train/GT/002111.npy,128->256,cluster_0
data/raw/train/NoisyLR/002114.npy,data/raw/train/GT/002114.npy,128->256,cluster_2
data/raw/train/NoisyLR/002115.npy,data/raw/train/GT/002115.npy,128->256,cluster_2
data/raw/train/NoisyLR/002116.npy,data/raw/train/GT/002116.npy,128->256,cluster_1
data/raw/train/NoisyLR/002118.npy,data/raw/train/GT/002118.npy,128->256,cluster_2
data/raw/train/NoisyLR/002119.npy,data/raw/train/GT/002119.npy,128->256,cluster_2
data/raw/train/NoisyLR/002121.npy,data/raw/train/GT/002121.npy,128->256,cluster_0
data/raw/train/NoisyLR/002122.npy,data/raw/train/GT/002122.npy,128->256,cluster_0
data/raw/train/NoisyLR/002123.npy,data/raw/train/GT/002123.npy,128->256,cluster_2
data/raw/train/NoisyLR/002127.npy,data/raw/train/GT/002127.npy,128->256,cluster_2
data/raw/train/NoisyLR/002129.npy,data/raw/train/GT/002129.npy,128->256,cluster_1
data/raw/train/NoisyLR/002130.npy,data/raw/train/GT/002130.npy,128->256,cluster_1
data/raw/train/NoisyLR/002131.npy,data/raw/train/GT/002131.npy,128->256,cluster_1
data/raw/train/NoisyLR/002132.npy,data/raw/train/GT/002132.npy,128->256,cluster_2
data/raw/train/NoisyLR/002133.npy,data/raw/train/GT/002133.npy,128->256,cluster_0
data/raw/train/NoisyLR/002135.npy,data/raw/train/GT/002135.npy,128->256,cluster_0
data/raw/train/NoisyLR/002136.npy,data/raw/train/GT/002136.npy,128->256,cluster_2
data/raw/train/NoisyLR/002137.npy,data/raw/train/GT/002137.npy,128->256,cluster_2
data/raw/train/NoisyLR/002138.npy,data/raw/train/GT/002138.npy,128->256,cluster_2
data/raw/train/NoisyLR/002140.npy,data/raw/train/GT/002140.npy,128->256,cluster_0
data/raw/train/NoisyLR/002141.npy,data/raw/train/GT/002141.npy,128->256,cluster_1
data/raw/train/NoisyLR/002142.npy,data/raw/train/GT/002142.npy,128->256,cluster_1
data/raw/train/NoisyLR/002143.npy,data/raw/train/GT/002143.npy,128->256,cluster_1
data/raw/train/NoisyLR/002144.npy,data/raw/train/GT/002144.npy,128->256,cluster_1
data/raw/train/NoisyLR/002145.npy,data/raw/train/GT/002145.npy,128->256,cluster_1
data/raw/train/NoisyLR/002146.npy,data/raw/train/GT/002146.npy,128->256,cluster_1
data/raw/train/NoisyLR/002147.npy,data/raw/train/GT/002147.npy,128->256,cluster_1
data/raw/train/NoisyLR/002149.npy,data/raw/train/GT/002149.npy,128->256,cluster_2
data/raw/train/NoisyLR/002150.npy,data/raw/train/GT/002150.npy,128->256,cluster_2
data/raw/train/NoisyLR/002152.npy,data/raw/train/GT/002152.npy,128->256,cluster_2
data/raw/train/NoisyLR/002153.npy,data/raw/train/GT/002153.npy,128->256,cluster_2
data/raw/train/NoisyLR/002154.npy,data/raw/train/GT/002154.npy,128->256,cluster_2
data/raw/train/NoisyLR/002155.npy,data/raw/train/GT/002155.npy,128->256,cluster_2
data/raw/train/NoisyLR/002156.npy,data/raw/train/GT/002156.npy,128->256,cluster_2
data/raw/train/NoisyLR/002159.npy,data/raw/train/GT/002159.npy,128->256,cluster_2
data/raw/train/NoisyLR/002160.npy,data/raw/train/GT/002160.npy,128->256,cluster_1
data/raw/train/NoisyLR/002161.npy,data/raw/train/GT/002161.npy,128->256,cluster_1
data/raw/train/NoisyLR/002163.npy,data/raw/train/GT/002163.npy,128->256,cluster_2
data/raw/train/NoisyLR/002165.npy,data/raw/train/GT/002165.npy,128->256,cluster_1
data/raw/train/NoisyLR/002166.npy,data/raw/train/GT/002166.npy,128->256,cluster_1
data/raw/train/NoisyLR/002167.npy,data/raw/train/GT/002167.npy,128->256,cluster_1
data/raw/train/NoisyLR/002168.npy,data/raw/train/GT/002168.npy,128->256,cluster_1
data/raw/train/NoisyLR/002170.npy,data/raw/train/GT/002170.npy,128->256,cluster_2
data/raw/train/NoisyLR/002171.npy,data/raw/train/GT/002171.npy,128->256,cluster_2
data/raw/train/NoisyLR/002172.npy,data/raw/train/GT/002172.npy,128->256,cluster_2
data/raw/train/NoisyLR/002173.npy,data/raw/train/GT/002173.npy,128->256,cluster_2
data/raw/train/NoisyLR/002174.npy,data/raw/train/GT/002174.npy,128->256,cluster_2
data/raw/train/NoisyLR/002176.npy,data/raw/train/GT/002176.npy,128->256,cluster_0
data/raw/train/NoisyLR/002177.npy,data/raw/train/GT/002177.npy,128->256,cluster_0
data/raw/train/NoisyLR/002178.npy,data/raw/train/GT/002178.npy,128->256,cluster_0
data/raw/train/NoisyLR/002179.npy,data/raw/train/GT/002179.npy,128->256,cluster_0
data/raw/train/NoisyLR/002180.npy,data/raw/train/GT/002180.npy,128->256,cluster_2
data/raw/train/NoisyLR/002181.npy,data/raw/train/GT/002181.npy,128->256,cluster_1
data/raw/train/NoisyLR/002182.npy,data/raw/train/GT/002182.npy,128->256,cluster_1
data/raw/train/NoisyLR/002183.npy,data/raw/train/GT/002183.npy,128->256,cluster_1
data/raw/train/NoisyLR/002184.npy,data/raw/train/GT/002184.npy,128->256,cluster_2
data/raw/train/NoisyLR/002185.npy,data/raw/train/GT/002185.npy,128->256,cluster_2
data/raw/train/NoisyLR/002186.npy,data/raw/train/GT/002186.npy,128->256,cluster_2
data/raw/train/NoisyLR/002187.npy,data/raw/train/GT/002187.npy,128->256,cluster_2
data/raw/train/NoisyLR/002189.npy,data/raw/train/GT/002189.npy,128->256,cluster_2
data/raw/train/NoisyLR/002190.npy,data/raw/train/GT/002190.npy,128->256,cluster_1
data/raw/train/NoisyLR/002191.npy,data/raw/train/GT/002191.npy,128->256,cluster_1
data/raw/train/NoisyLR/002192.npy,data/raw/train/GT/002192.npy,128->256,cluster_2
data/raw/train/NoisyLR/002193.npy,data/raw/train/GT/002193.npy,128->256,cluster_0
data/raw/train/NoisyLR/002194.npy,data/raw/train/GT/002194.npy,128->256,cluster_0
data/raw/train/NoisyLR/002195.npy,data/raw/train/GT/002195.npy,128->256,cluster_0
data/raw/train/NoisyLR/002196.npy,data/raw/train/GT/002196.npy,128->256,cluster_2
data/raw/train/NoisyLR/002197.npy,data/raw/train/GT/002197.npy,128->256,cluster_0
data/raw/train/NoisyLR/002198.npy,data/raw/train/GT/002198.npy,128->256,cluster_0
data/raw/train/NoisyLR/002199.npy,data/raw/train/GT/002199.npy,128->256,cluster_0
data/raw/train/NoisyLR/002200.npy,data/raw/train/GT/002200.npy,128->256,cluster_1
data/raw/train/NoisyLR/002201.npy,data/raw/train/GT/002201.npy,128->256,cluster_0
data/raw/train/NoisyLR/002202.npy,data/raw/train/GT/002202.npy,128->256,cluster_1
data/raw/train/NoisyLR/002203.npy,data/raw/train/GT/002203.npy,128->256,cluster_0
data/raw/train/NoisyLR/002204.npy,data/raw/train/GT/002204.npy,128->256,cluster_2
data/raw/train/NoisyLR/002205.npy,data/raw/train/GT/002205.npy,128->256,cluster_1
data/raw/train/NoisyLR/002206.npy,data/raw/train/GT/002206.npy,128->256,cluster_2
data/raw/train/NoisyLR/002207.npy,data/raw/train/GT/002207.npy,128->256,cluster_2
data/raw/train/NoisyLR/002208.npy,data/raw/train/GT/002208.npy,128->256,cluster_1
data/raw/train/NoisyLR/002209.npy,data/raw/train/GT/002209.npy,128->256,cluster_0
data/raw/train/NoisyLR/002210.npy,data/raw/train/GT/002210.npy,128->256,cluster_0
data/raw/train/NoisyLR/002211.npy,data/raw/train/GT/002211.npy,128->256,cluster_0
data/raw/train/NoisyLR/002212.npy,data/raw/train/GT/002212.npy,128->256,cluster_0
data/raw/train/NoisyLR/002213.npy,data/raw/train/GT/002213.npy,128->256,cluster_0
data/raw/train/NoisyLR/002214.npy,data/raw/train/GT/002214.npy,128->256,cluster_0
data/raw/train/NoisyLR/002215.npy,data/raw/train/GT/002215.npy,128->256,cluster_0
data/raw/train/NoisyLR/002216.npy,data/raw/train/GT/002216.npy,128->256,cluster_0
data/raw/train/NoisyLR/002217.npy,data/raw/train/GT/002217.npy,128->256,cluster_0
data/raw/train/NoisyLR/002218.npy,data/raw/train/GT/002218.npy,128->256,cluster_0
data/raw/train/NoisyLR/002219.npy,data/raw/train/GT/002219.npy,128->256,cluster_0
data/raw/train/NoisyLR/002220.npy,data/raw/train/GT/002220.npy,128->256,cluster_2
data/raw/train/NoisyLR/002221.npy,data/raw/train/GT/002221.npy,128->256,cluster_2
data/raw/train/NoisyLR/002222.npy,data/raw/train/GT/002222.npy,128->256,cluster_2
data/raw/train/NoisyLR/002224.npy,data/raw/train/GT/002224.npy,128->256,cluster_0
data/raw/train/NoisyLR/002225.npy,data/raw/train/GT/002225.npy,128->256,cluster_0
data/raw/train/NoisyLR/002226.npy,data/raw/train/GT/002226.npy,128->256,cluster_0
data/raw/train/NoisyLR/002227.npy,data/raw/train/GT/002227.npy,128->256,cluster_0
data/raw/train/NoisyLR/002228.npy,data/raw/train/GT/002228.npy,128->256,cluster_0
data/raw/train/NoisyLR/002229.npy,data/raw/train/GT/002229.npy,128->256,cluster_1
data/raw/train/NoisyLR/002230.npy,data/raw/train/GT/002230.npy,128->256,cluster_1
data/raw/train/NoisyLR/002231.npy,data/raw/train/GT/002231.npy,128->256,cluster_1
data/raw/train/NoisyLR/002232.npy,data/raw/train/GT/002232.npy,128->256,cluster_1
data/raw/train/NoisyLR/002233.npy,data/raw/train/GT/002233.npy,128->256,cluster_1
data/raw/train/NoisyLR/002234.npy,data/raw/train/GT/002234.npy,128->256,cluster_1
data/raw/train/NoisyLR/002235.npy,data/raw/train/GT/002235.npy,128->256,cluster_1
data/raw/train/NoisyLR/002236.npy,data/raw/train/GT/002236.npy,128->256,cluster_2
data/raw/train/NoisyLR/002239.npy,data/raw/train/GT/002239.npy,128->256,cluster_2
data/raw/train/NoisyLR/002240.npy,data/raw/train/GT/002240.npy,128->256,cluster_0
data/raw/train/NoisyLR/002241.npy,data/raw/train/GT/002241.npy,128->256,cluster_1
data/raw/train/NoisyLR/002242.npy,data/raw/train/GT/002242.npy,128->256,cluster_1
data/raw/train/NoisyLR/002243.npy,data/raw/train/GT/002243.npy,128->256,cluster_1
data/raw/train/NoisyLR/002244.npy,data/raw/train/GT/002244.npy,128->256,cluster_1
data/raw/train/NoisyLR/002245.npy,data/raw/train/GT/002245.npy,128->256,cluster_0
data/raw/train/NoisyLR/002246.npy,data/raw/train/GT/002246.npy,128->256,cluster_0
data/raw/train/NoisyLR/002247.npy,data/raw/train/GT/002247.npy,128->256,cluster_0
data/raw/train/NoisyLR/002249.npy,data/raw/train/GT/002249.npy,128->256,cluster_2
data/raw/train/NoisyLR/002250.npy,data/raw/train/GT/002250.npy,128->256,cluster_2
data/raw/train/NoisyLR/002251.npy,data/raw/train/GT/002251.npy,128->256,cluster_0
data/raw/train/NoisyLR/002252.npy,data/raw/train/GT/002252.npy,128->256,cluster_1
data/raw/train/NoisyLR/002253.npy,data/raw/train/GT/002253.npy,128->256,cluster_1
data/raw/train/NoisyLR/002254.npy,data/raw/train/GT/002254.npy,128->256,cluster_1
data/raw/train/NoisyLR/002255.npy,data/raw/train/GT/002255.npy,128->256,cluster_1
data/raw/train/NoisyLR/002256.npy,data/raw/train/GT/002256.npy,128->256,cluster_0
data/raw/train/NoisyLR/002257.npy,data/raw/train/GT/002257.npy,128->256,cluster_2
data/raw/train/NoisyLR/002259.npy,data/raw/train/GT/002259.npy,128->256,cluster_2
data/raw/train/NoisyLR/002261.npy,data/raw/train/GT/002261.npy,128->256,cluster_1
data/raw/train/NoisyLR/002262.npy,data/raw/train/GT/002262.npy,128->256,cluster_1
data/raw/train/NoisyLR/002263.npy,data/raw/train/GT/002263.npy,128->256,cluster_1
data/raw/train/NoisyLR/002265.npy,data/raw/train/GT/002265.npy,128->256,cluster_0
data/raw/train/NoisyLR/002266.npy,data/raw/train/GT/002266.npy,128->256,cluster_0
data/raw/train/NoisyLR/002267.npy,data/raw/train/GT/002267.npy,128->256,cluster_0
data/raw/train/NoisyLR/002268.npy,data/raw/train/GT/002268.npy,128->256,cluster_2
data/raw/train/NoisyLR/002269.npy,data/raw/train/GT/002269.npy,128->256,cluster_0
data/raw/train/NoisyLR/002270.npy,data/raw/train/GT/002270.npy,128->256,cluster_0
data/raw/train/NoisyLR/002271.npy,data/raw/train/GT/002271.npy,128->256,cluster_0
data/raw/train/NoisyLR/002272.npy,data/raw/train/GT/002272.npy,128->256,cluster_0
data/raw/train/NoisyLR/002273.npy,data/raw/train/GT/002273.npy,128->256,cluster_0
data/raw/train/NoisyLR/002274.npy,data/raw/train/GT/002274.npy,128->256,cluster_0
data/raw/train/NoisyLR/002275.npy,data/raw/train/GT/002275.npy,128->256,cluster_0
data/raw/train/NoisyLR/002276.npy,data/raw/train/GT/002276.npy,128->256,cluster_0
data/raw/train/NoisyLR/002277.npy,data/raw/train/GT/002277.npy,128->256,cluster_1
data/raw/train/NoisyLR/002278.npy,data/raw/train/GT/002278.npy,128->256,cluster_1
data/raw/train/NoisyLR/002279.npy,data/raw/train/GT/002279.npy,128->256,cluster_1
data/raw/train/NoisyLR/002280.npy,data/raw/train/GT/002280.npy,128->256,cluster_0
data/raw/train/NoisyLR/002281.npy,data/raw/train/GT/002281.npy,128->256,cluster_2
data/raw/train/NoisyLR/002284.npy,data/raw/train/GT/002284.npy,128->256,cluster_0
data/raw/train/NoisyLR/002285.npy,data/raw/train/GT/002285.npy,128->256,cluster_0
data/raw/train/NoisyLR/002286.npy,data/raw/train/GT/002286.npy,128->256,cluster_0
data/raw/train/NoisyLR/002287.npy,data/raw/train/GT/002287.npy,128->256,cluster_0
data/raw/train/NoisyLR/002288.npy,data/raw/train/GT/002288.npy,128->256,cluster_2
data/raw/train/NoisyLR/002289.npy,data/raw/train/GT/002289.npy,128->256,cluster_2
data/raw/train/NoisyLR/002290.npy,data/raw/train/GT/002290.npy,128->256,cluster_2
data/raw/train/NoisyLR/002292.npy,data/raw/train/GT/002292.npy,128->256,cluster_2
data/raw/train/NoisyLR/002293.npy,data/raw/train/GT/002293.npy,128->256,cluster_0
data/raw/train/NoisyLR/002294.npy,data/raw/train/GT/002294.npy,128->256,cluster_0
data/raw/train/NoisyLR/002295.npy,data/raw/train/GT/002295.npy,128->256,cluster_0
data/raw/train/NoisyLR/002296.npy,data/raw/train/GT/002296.npy,128->256,cluster_0
data/raw/train/NoisyLR/002297.npy,data/raw/train/GT/002297.npy,128->256,cluster_0
data/raw/train/NoisyLR/002298.npy,data/raw/train/GT/002298.npy,128->256,cluster_0
data/raw/train/NoisyLR/002299.npy,data/raw/train/GT/002299.npy,128->256,cluster_0
data/raw/train/NoisyLR/002300.npy,data/raw/train/GT/002300.npy,128->256,cluster_1
data/raw/train/NoisyLR/002301.npy,data/raw/train/GT/002301.npy,128->256,cluster_0
data/raw/train/NoisyLR/002302.npy,data/raw/train/GT/002302.npy,128->256,cluster_1
data/raw/train/NoisyLR/002303.npy,data/raw/train/GT/002303.npy,128->256,cluster_1
data/raw/train/NoisyLR/002304.npy,data/raw/train/GT/002304.npy,128->256,cluster_1
data/raw/train/NoisyLR/002305.npy,data/raw/train/GT/002305.npy,128->256,cluster_1
data/raw/train/NoisyLR/002306.npy,data/raw/train/GT/002306.npy,128->256,cluster_1
data/raw/train/NoisyLR/002307.npy,data/raw/train/GT/002307.npy,128->256,cluster_1
data/raw/train/NoisyLR/002311.npy,data/raw/train/GT/002311.npy,128->256,cluster_2
data/raw/train/NoisyLR/002313.npy,data/raw/train/GT/002313.npy,128->256,cluster_0
data/raw/train/NoisyLR/002314.npy,data/raw/train/GT/002314.npy,128->256,cluster_2
data/raw/train/NoisyLR/002315.npy,data/raw/train/GT/002315.npy,128->256,cluster_0
data/raw/train/NoisyLR/002316.npy,data/raw/train/GT/002316.npy,128->256,cluster_2
data/raw/train/NoisyLR/002317.npy,data/raw/train/GT/002317.npy,128->256,cluster_1
data/raw/train/NoisyLR/002318.npy,data/raw/train/GT/002318.npy,128->256,cluster_1
data/raw/train/NoisyLR/002319.npy,data/raw/train/GT/002319.npy,128->256,cluster_1
data/raw/train/NoisyLR/002320.npy,data/raw/train/GT/002320.npy,128->256,cluster_1
data/raw/train/NoisyLR/002322.npy,data/raw/train/GT/002322.npy,128->256,cluster_2
data/raw/train/NoisyLR/002323.npy,data/raw/train/GT/002323.npy,128->256,cluster_2
data/raw/train/NoisyLR/002325.npy,data/raw/train/GT/002325.npy,128->256,cluster_1
data/raw/train/NoisyLR/002326.npy,data/raw/train/GT/002326.npy,128->256,cluster_1
data/raw/train/NoisyLR/002327.npy,data/raw/train/GT/002327.npy,128->256,cluster_1
data/raw/train/NoisyLR/002328.npy,data/raw/train/GT/002328.npy,128->256,cluster_1
data/raw/train/NoisyLR/002329.npy,data/raw/train/GT/002329.npy,128->256,cluster_0
data/raw/train/NoisyLR/002330.npy,data/raw/train/GT/002330.npy,128->256,cluster_0
data/raw/train/NoisyLR/002331.npy,data/raw/train/GT/002331.npy,128->256,cluster_0
data/raw/train/NoisyLR/002332.npy,data/raw/train/GT/002332.npy,128->256,cluster_1
data/raw/train/NoisyLR/002333.npy,data/raw/train/GT/002333.npy,128->256,cluster_0
data/raw/train/NoisyLR/002334.npy,data/raw/train/GT/002334.npy,128->256,cluster_0
data/raw/train/NoisyLR/002335.npy,data/raw/train/GT/002335.npy,128->256,cluster_0
data/raw/train/NoisyLR/002339.npy,data/raw/train/GT/002339.npy,128->256,cluster_2
data/raw/train/NoisyLR/002340.npy,data/raw/train/GT/002340.npy,128->256,cluster_1
data/raw/train/NoisyLR/002341.npy,data/raw/train/GT/002341.npy,128->256,cluster_1
data/raw/train/NoisyLR/002342.npy,data/raw/train/GT/002342.npy,128->256,cluster_1
data/raw/train/NoisyLR/002343.npy,data/raw/train/GT/002343.npy,128->256,cluster_1
data/raw/train/NoisyLR/002344.npy,data/raw/train/GT/002344.npy,128->256,cluster_0
data/raw/train/NoisyLR/002345.npy,data/raw/train/GT/002345.npy,128->256,cluster_0
data/raw/train/NoisyLR/002346.npy,data/raw/train/GT/002346.npy,128->256,cluster_0
data/raw/train/NoisyLR/002347.npy,data/raw/train/GT/002347.npy,128->256,cluster_0
data/raw/train/NoisyLR/002348.npy,data/raw/train/GT/002348.npy,128->256,cluster_2
data/raw/train/NoisyLR/002349.npy,data/raw/train/GT/002349.npy,128->256,cluster_1
data/raw/train/NoisyLR/002350.npy,data/raw/train/GT/002350.npy,128->256,cluster_1
data/raw/train/NoisyLR/002351.npy,data/raw/train/GT/002351.npy,128->256,cluster_1
data/raw/train/NoisyLR/002352.npy,data/raw/train/GT/002352.npy,128->256,cluster_0
data/raw/train/NoisyLR/002353.npy,data/raw/train/GT/002353.npy,128->256,cluster_2
data/raw/train/NoisyLR/002354.npy,data/raw/train/GT/002354.npy,128->256,cluster_2
data/raw/train/NoisyLR/002356.npy,data/raw/train/GT/002356.npy,128->256,cluster_0
data/raw/train/NoisyLR/002357.npy,data/raw/train/GT/002357.npy,128->256,cluster_0
data/raw/train/NoisyLR/002358.npy,data/raw/train/GT/002358.npy,128->256,cluster_0
data/raw/train/NoisyLR/002359.npy,data/raw/train/GT/002359.npy,128->256,cluster_0
data/raw/train/NoisyLR/002360.npy,data/raw/train/GT/002360.npy,128->256,cluster_2
data/raw/train/NoisyLR/002361.npy,data/raw/train/GT/002361.npy,128->256,cluster_2
data/raw/train/NoisyLR/002363.npy,data/raw/train/GT/002363.npy,128->256,cluster_2
data/raw/train/NoisyLR/002364.npy,data/raw/train/GT/002364.npy,128->256,cluster_0
data/raw/train/NoisyLR/002365.npy,data/raw/train/GT/002365.npy,128->256,cluster_2
data/raw/train/NoisyLR/002368.npy,data/raw/train/GT/002368.npy,128->256,cluster_0
data/raw/train/NoisyLR/002369.npy,data/raw/train/GT/002369.npy,128->256,cluster_0
data/raw/train/NoisyLR/002370.npy,data/raw/train/GT/002370.npy,128->256,cluster_0
data/raw/train/NoisyLR/002371.npy,data/raw/train/GT/002371.npy,128->256,cluster_0
data/raw/train/NoisyLR/002372.npy,data/raw/train/GT/002372.npy,128->256,cluster_0
data/raw/train/NoisyLR/002373.npy,data/raw/train/GT/002373.npy,128->256,cluster_2
data/raw/train/NoisyLR/002374.npy,data/raw/train/GT/002374.npy,128->256,cluster_0
data/raw/train/NoisyLR/002376.npy,data/raw/train/GT/002376.npy,128->256,cluster_0
data/raw/train/NoisyLR/002378.npy,data/raw/train/GT/002378.npy,128->256,cluster_2
data/raw/train/NoisyLR/002379.npy,data/raw/train/GT/002379.npy,128->256,cluster_2
data/raw/train/NoisyLR/002380.npy,data/raw/train/GT/002380.npy,128->256,cluster_0
data/raw/train/NoisyLR/002381.npy,data/raw/train/GT/002381.npy,128->256,cluster_0
data/raw/train/NoisyLR/002382.npy,data/raw/train/GT/002382.npy,128->256,cluster_0
data/raw/train/NoisyLR/002383.npy,data/raw/train/GT/002383.npy,128->256,cluster_0
data/raw/train/NoisyLR/002384.npy,data/raw/train/GT/002384.npy,128->256,cluster_0
data/raw/train/NoisyLR/002385.npy,data/raw/train/GT/002385.npy,128->256,cluster_1
data/raw/train/NoisyLR/002386.npy,data/raw/train/GT/002386.npy,128->256,cluster_2
data/raw/train/NoisyLR/002387.npy,data/raw/train/GT/002387.npy,128->256,cluster_1
data/raw/train/NoisyLR/002389.npy,data/raw/train/GT/002389.npy,128->256,cluster_1
data/raw/train/NoisyLR/002390.npy,data/raw/train/GT/002390.npy,128->256,cluster_1
data/raw/train/NoisyLR/002391.npy,data/raw/train/GT/002391.npy,128->256,cluster_1
data/raw/train/NoisyLR/002392.npy,data/raw/train/GT/002392.npy,128->256,cluster_1
data/raw/train/NoisyLR/002393.npy,data/raw/train/GT/002393.npy,128->256,cluster_2
data/raw/train/NoisyLR/002395.npy,data/raw/train/GT/002395.npy,128->256,cluster_2
data/raw/train/NoisyLR/002396.npy,data/raw/train/GT/002396.npy,128->256,cluster_1
data/raw/train/NoisyLR/002397.npy,data/raw/train/GT/002397.npy,128->256,cluster_1
data/raw/train/NoisyLR/002398.npy,data/raw/train/GT/002398.npy,128->256,cluster_1
data/raw/train/NoisyLR/002399.npy,data/raw/train/GT/002399.npy,128->256,cluster_1
data/raw/train/NoisyLR/002401.npy,data/raw/train/GT/002401.npy,128->256,cluster_1
data/raw/train/NoisyLR/002402.npy,data/raw/train/GT/002402.npy,128->256,cluster_1
data/raw/train/NoisyLR/002403.npy,data/raw/train/GT/002403.npy,128->256,cluster_1
data/raw/train/NoisyLR/002405.npy,data/raw/train/GT/002405.npy,128->256,cluster_1
data/raw/train/NoisyLR/002406.npy,data/raw/train/GT/002406.npy,128->256,cluster_1
data/raw/train/NoisyLR/002407.npy,data/raw/train/GT/002407.npy,128->256,cluster_1
data/raw/train/NoisyLR/002408.npy,data/raw/train/GT/002408.npy,128->256,cluster_1
data/raw/train/NoisyLR/002409.npy,data/raw/train/GT/002409.npy,128->256,cluster_0
data/raw/train/NoisyLR/002410.npy,data/raw/train/GT/002410.npy,128->256,cluster_0
data/raw/train/NoisyLR/002411.npy,data/raw/train/GT/002411.npy,128->256,cluster_0
data/raw/train/NoisyLR/002412.npy,data/raw/train/GT/002412.npy,128->256,cluster_0
data/raw/train/NoisyLR/002413.npy,data/raw/train/GT/002413.npy,128->256,cluster_1
data/raw/train/NoisyLR/002414.npy,data/raw/train/GT/002414.npy,128->256,cluster_1
data/raw/train/NoisyLR/002415.npy,data/raw/train/GT/002415.npy,128->256,cluster_1
data/raw/train/NoisyLR/002416.npy,data/raw/train/GT/002416.npy,128->256,cluster_0
data/raw/train/NoisyLR/002417.npy,data/raw/train/GT/002417.npy,128->256,cluster_0
data/raw/train/NoisyLR/002418.npy,data/raw/train/GT/002418.npy,128->256,cluster_0
data/raw/train/NoisyLR/002419.npy,data/raw/train/GT/002419.npy,128->256,cluster_0
data/raw/train/NoisyLR/002420.npy,data/raw/train/GT/002420.npy,128->256,cluster_1
data/raw/train/NoisyLR/002421.npy,data/raw/train/GT/002421.npy,128->256,cluster_0
data/raw/train/NoisyLR/002422.npy,data/raw/train/GT/002422.npy,128->256,cluster_0
data/raw/train/NoisyLR/002423.npy,data/raw/train/GT/002423.npy,128->256,cluster_0
data/raw/train/NoisyLR/002424.npy,data/raw/train/GT/002424.npy,128->256,cluster_2
data/raw/train/NoisyLR/002426.npy,data/raw/train/GT/002426.npy,128->256,cluster_1
data/raw/train/NoisyLR/002428.npy,data/raw/train/GT/002428.npy,128->256,cluster_1
data/raw/train/NoisyLR/002429.npy,data/raw/train/GT/002429.npy,128->256,cluster_1
data/raw/train/NoisyLR/002430.npy,data/raw/train/GT/002430.npy,128->256,cluster_1
data/raw/train/NoisyLR/002431.npy,data/raw/train/GT/002431.npy,128->256,cluster_1
data/raw/train/NoisyLR/002432.npy,data/raw/train/GT/002432.npy,128->256,cluster_1
data/raw/train/NoisyLR/002433.npy,data/raw/train/GT/002433.npy,128->256,cluster_0
data/raw/train/NoisyLR/002434.npy,data/raw/train/GT/002434.npy,128->256,cluster_0
data/raw/train/NoisyLR/002435.npy,data/raw/train/GT/002435.npy,128->256,cluster_0
data/raw/train/NoisyLR/002436.npy,data/raw/train/GT/002436.npy,128->256,cluster_2
data/raw/train/NoisyLR/002437.npy,data/raw/train/GT/002437.npy,128->256,cluster_1
data/raw/train/NoisyLR/002438.npy,data/raw/train/GT/002438.npy,128->256,cluster_1
data/raw/train/NoisyLR/002439.npy,data/raw/train/GT/002439.npy,128->256,cluster_1
data/raw/train/NoisyLR/002440.npy,data/raw/train/GT/002440.npy,128->256,cluster_1
data/raw/train/NoisyLR/002441.npy,data/raw/train/GT/002441.npy,128->256,cluster_0
data/raw/train/NoisyLR/002442.npy,data/raw/train/GT/002442.npy,128->256,cluster_0
data/raw/train/NoisyLR/002443.npy,data/raw/train/GT/002443.npy,128->256,cluster_0
data/raw/train/NoisyLR/002444.npy,data/raw/train/GT/002444.npy,128->256,cluster_1
data/raw/train/NoisyLR/002445.npy,data/raw/train/GT/002445.npy,128->256,cluster_1
data/raw/train/NoisyLR/002446.npy,data/raw/train/GT/002446.npy,128->256,cluster_1
data/raw/train/NoisyLR/002447.npy,data/raw/train/GT/002447.npy,128->256,cluster_1
data/raw/train/NoisyLR/002448.npy,data/raw/train/GT/002448.npy,128->256,cluster_1
data/raw/train/NoisyLR/002449.npy,data/raw/train/GT/002449.npy,128->256,cluster_0
data/raw/train/NoisyLR/002450.npy,data/raw/train/GT/002450.npy,128->256,cluster_0
data/raw/train/NoisyLR/002451.npy,data/raw/train/GT/002451.npy,128->256,cluster_0
data/raw/train/NoisyLR/002452.npy,data/raw/train/GT/002452.npy,128->256,cluster_0
data/raw/train/NoisyLR/002453.npy,data/raw/train/GT/002453.npy,128->256,cluster_2
data/raw/train/NoisyLR/002454.npy,data/raw/train/GT/002454.npy,128->256,cluster_2
data/raw/train/NoisyLR/002455.npy,data/raw/train/GT/002455.npy,128->256,cluster_2
data/raw/train/NoisyLR/002456.npy,data/raw/train/GT/002456.npy,128->256,cluster_1
data/raw/train/NoisyLR/002457.npy,data/raw/train/GT/002457.npy,128->256,cluster_0
data/raw/train/NoisyLR/002458.npy,data/raw/train/GT/002458.npy,128->256,cluster_0
data/raw/train/NoisyLR/002459.npy,data/raw/train/GT/002459.npy,128->256,cluster_0
data/raw/train/NoisyLR/002460.npy,data/raw/train/GT/002460.npy,128->256,cluster_0
data/raw/train/NoisyLR/002461.npy,data/raw/train/GT/002461.npy,128->256,cluster_0
data/raw/train/NoisyLR/002462.npy,data/raw/train/GT/002462.npy,128->256,cluster_0
data/raw/train/NoisyLR/002463.npy,data/raw/train/GT/002463.npy,128->256,cluster_0
data/raw/train/NoisyLR/002464.npy,data/raw/train/GT/002464.npy,128->256,cluster_2
data/raw/train/NoisyLR/002466.npy,data/raw/train/GT/002466.npy,128->256,cluster_2
data/raw/train/NoisyLR/002467.npy,data/raw/train/GT/002467.npy,128->256,cluster_2
data/raw/train/NoisyLR/002468.npy,data/raw/train/GT/002468.npy,128->256,cluster_2
data/raw/train/NoisyLR/002469.npy,data/raw/train/GT/002469.npy,128->256,cluster_2
data/raw/train/NoisyLR/002470.npy,data/raw/train/GT/002470.npy,128->256,cluster_1
data/raw/train/NoisyLR/002471.npy,data/raw/train/GT/002471.npy,128->256,cluster_1
data/raw/train/NoisyLR/002472.npy,data/raw/train/GT/002472.npy,128->256,cluster_0
data/raw/train/NoisyLR/002473.npy,data/raw/train/GT/002473.npy,128->256,cluster_2
data/raw/train/NoisyLR/002475.npy,data/raw/train/GT/002475.npy,128->256,cluster_2
data/raw/train/NoisyLR/002476.npy,data/raw/train/GT/002476.npy,128->256,cluster_1
data/raw/train/NoisyLR/002477.npy,data/raw/train/GT/002477.npy,128->256,cluster_2
data/raw/train/NoisyLR/002478.npy,data/raw/train/GT/002478.npy,128->256,cluster_2
data/raw/train/NoisyLR/002479.npy,data/raw/train/GT/002479.npy,128->256,cluster_2
data/raw/train/NoisyLR/002481.npy,data/raw/train/GT/002481.npy,128->256,cluster_1
data/raw/train/NoisyLR/002482.npy,data/raw/train/GT/002482.npy,128->256,cluster_1
data/raw/train/NoisyLR/002483.npy,data/raw/train/GT/002483.npy,128->256,cluster_1
data/raw/train/NoisyLR/002484.npy,data/raw/train/GT/002484.npy,128->256,cluster_0
data/raw/train/NoisyLR/002485.npy,data/raw/train/GT/002485.npy,128->256,cluster_0
data/raw/train/NoisyLR/002486.npy,data/raw/train/GT/002486.npy,128->256,cluster_0
data/raw/train/NoisyLR/002487.npy,data/raw/train/GT/002487.npy,128->256,cluster_0
data/raw/train/NoisyLR/002488.npy,data/raw/train/GT/002488.npy,128->256,cluster_2
data/raw/train/NoisyLR/002489.npy,data/raw/train/GT/002489.npy,128->256,cluster_1
data/raw/train/NoisyLR/002490.npy,data/raw/train/GT/002490.npy,128->256,cluster_1
data/raw/train/NoisyLR/002491.npy,data/raw/train/GT/002491.npy,128->256,cluster_1
data/raw/train/NoisyLR/002492.npy,data/raw/train/GT/002492.npy,128->256,cluster_0
data/raw/train/NoisyLR/002493.npy,data/raw/train/GT/002493.npy,128->256,cluster_1
data/raw/train/NoisyLR/002494.npy,data/raw/train/GT/002494.npy,128->256,cluster_1
data/raw/train/NoisyLR/002495.npy,data/raw/train/GT/002495.npy,128->256,cluster_1
data/raw/train/NoisyLR/002496.npy,data/raw/train/GT/002496.npy,128->256,cluster_2
data/raw/train/NoisyLR/002497.npy,data/raw/train/GT/002497.npy,128->256,cluster_2
data/raw/train/NoisyLR/002498.npy,data/raw/train/GT/002498.npy,128->256,cluster_2
data/raw/train/NoisyLR/002499.npy,data/raw/train/GT/002499.npy,128->256,cluster_2
data/raw/train/NoisyLR/002500.npy,data/raw/train/GT/002500.npy,128->256,cluster_0
data/raw/train/NoisyLR/002501.npy,data/raw/train/GT/002501.npy,128->256,cluster_0
data/raw/train/NoisyLR/002502.npy,data/raw/train/GT/002502.npy,128->256,cluster_0
data/raw/train/NoisyLR/002503.npy,data/raw/train/GT/002503.npy,128->256,cluster_0
data/raw/train/NoisyLR/002504.npy,data/raw/train/GT/002504.npy,128->256,cluster_2
data/raw/train/NoisyLR/002507.npy,data/raw/train/GT/002507.npy,128->256,cluster_2
data/raw/train/NoisyLR/002509.npy,data/raw/train/GT/002509.npy,128->256,cluster_1
data/raw/train/NoisyLR/002510.npy,data/raw/train/GT/002510.npy,128->256,cluster_1
data/raw/train/NoisyLR/002511.npy,data/raw/train/GT/002511.npy,128->256,cluster_1
data/raw/train/NoisyLR/002512.npy,data/raw/train/GT/002512.npy,128->256,cluster_2
data/raw/train/NoisyLR/002513.npy,data/raw/train/GT/002513.npy,128->256,cluster_0
data/raw/train/NoisyLR/002514.npy,data/raw/train/GT/002514.npy,128->256,cluster_0
data/raw/train/NoisyLR/002515.npy,data/raw/train/GT/002515.npy,128->256,cluster_0
data/raw/train/NoisyLR/002516.npy,data/raw/train/GT/002516.npy,128->256,cluster_1
data/raw/train/NoisyLR/002517.npy,data/raw/train/GT/002517.npy,128->256,cluster_1
data/raw/train/NoisyLR/002518.npy,data/raw/train/GT/002518.npy,128->256,cluster_1
data/raw/train/NoisyLR/002519.npy,data/raw/train/GT/002519.npy,128->256,cluster_1
data/raw/train/NoisyLR/002520.npy,data/raw/train/GT/002520.npy,128->256,cluster_0
data/raw/train/NoisyLR/002521.npy,data/raw/train/GT/002521.npy,128->256,cluster_2
data/raw/train/NoisyLR/002522.npy,data/raw/train/GT/002522.npy,128->256,cluster_0
data/raw/train/NoisyLR/002523.npy,data/raw/train/GT/002523.npy,128->256,cluster_2
data/raw/train/NoisyLR/002526.npy,data/raw/train/GT/002526.npy,128->256,cluster_2
data/raw/train/NoisyLR/002532.npy,data/raw/train/GT/002532.npy,128->256,cluster_2
data/raw/train/NoisyLR/002533.npy,data/raw/train/GT/002533.npy,128->256,cluster_1
data/raw/train/NoisyLR/002534.npy,data/raw/train/GT/002534.npy,128->256,cluster_1
data/raw/train/NoisyLR/002535.npy,data/raw/train/GT/002535.npy,128->256,cluster_1
data/raw/train/NoisyLR/002538.npy,data/raw/train/GT/002538.npy,128->256,cluster_0
data/raw/train/NoisyLR/002539.npy,data/raw/train/GT/002539.npy,128->256,cluster_2
data/raw/train/NoisyLR/002540.npy,data/raw/train/GT/002540.npy,128->256,cluster_2
data/raw/train/NoisyLR/002541.npy,data/raw/train/GT/002541.npy,128->256,cluster_2
data/raw/train/NoisyLR/002542.npy,data/raw/train/GT/002542.npy,128->256,cluster_2
data/raw/train/NoisyLR/002544.npy,data/raw/train/GT/002544.npy,128->256,cluster_2
data/raw/train/NoisyLR/002545.npy,data/raw/train/GT/002545.npy,128->256,cluster_1
data/raw/train/NoisyLR/002546.npy,data/raw/train/GT/002546.npy,128->256,cluster_1
data/raw/train/NoisyLR/002547.npy,data/raw/train/GT/002547.npy,128->256,cluster_1
data/raw/train/NoisyLR/002548.npy,data/raw/train/GT/002548.npy,128->256,cluster_2
data/raw/train/NoisyLR/002549.npy,data/raw/train/GT/002549.npy,128->256,cluster_0
data/raw/train/NoisyLR/002550.npy,data/raw/train/GT/002550.npy,128->256,cluster_0
data/raw/train/NoisyLR/002551.npy,data/raw/train/GT/002551.npy,128->256,cluster_0
data/raw/train/NoisyLR/002552.npy,data/raw/train/GT/002552.npy,128->256,cluster_0
data/raw/train/NoisyLR/002553.npy,data/raw/train/GT/002553.npy,128->256,cluster_2
data/raw/train/NoisyLR/002554.npy,data/raw/train/GT/002554.npy,128->256,cluster_2
data/raw/train/NoisyLR/002555.npy,data/raw/train/GT/002555.npy,128->256,cluster_2
data/raw/train/NoisyLR/002556.npy,data/raw/train/GT/002556.npy,128->256,cluster_0
data/raw/train/NoisyLR/002557.npy,data/raw/train/GT/002557.npy,128->256,cluster_0
data/raw/train/NoisyLR/002558.npy,data/raw/train/GT/002558.npy,128->256,cluster_0
data/raw/train/NoisyLR/002559.npy,data/raw/train/GT/002559.npy,128->256,cluster_0
data/raw/train/NoisyLR/002561.npy,data/raw/train/GT/002561.npy,128->256,cluster_2
data/raw/train/NoisyLR/002562.npy,data/raw/train/GT/002562.npy,128->256,cluster_2
data/raw/train/NoisyLR/002563.npy,data/raw/train/GT/002563.npy,128->256,cluster_2
data/raw/train/NoisyLR/002564.npy,data/raw/train/GT/002564.npy,128->256,cluster_0
data/raw/train/NoisyLR/002565.npy,data/raw/train/GT/002565.npy,128->256,cluster_1
data/raw/train/NoisyLR/002566.npy,data/raw/train/GT/002566.npy,128->256,cluster_1
data/raw/train/NoisyLR/002567.npy,data/raw/train/GT/002567.npy,128->256,cluster_1
data/raw/train/NoisyLR/002568.npy,data/raw/train/GT/002568.npy,128->256,cluster_0
data/raw/train/NoisyLR/002569.npy,data/raw/train/GT/002569.npy,128->256,cluster_0
data/raw/train/NoisyLR/002570.npy,data/raw/train/GT/002570.npy,128->256,cluster_1
data/raw/train/NoisyLR/002571.npy,data/raw/train/GT/002571.npy,128->256,cluster_1
data/raw/train/NoisyLR/002573.npy,data/raw/train/GT/002573.npy,128->256,cluster_1
data/raw/train/NoisyLR/002574.npy,data/raw/train/GT/002574.npy,128->256,cluster_1
data/raw/train/NoisyLR/002575.npy,data/raw/train/GT/002575.npy,128->256,cluster_1
data/raw/train/NoisyLR/002576.npy,data/raw/train/GT/002576.npy,128->256,cluster_1
data/raw/train/NoisyLR/002577.npy,data/raw/train/GT/002577.npy,128->256,cluster_1
data/raw/train/NoisyLR/002578.npy,data/raw/train/GT/002578.npy,128->256,cluster_1
data/raw/train/NoisyLR/002580.npy,data/raw/train/GT/002580.npy,128->256,cluster_1
data/raw/train/NoisyLR/002581.npy,data/raw/train/GT/002581.npy,128->256,cluster_0
data/raw/train/NoisyLR/002582.npy,data/raw/train/GT/002582.npy,128->256,cluster_1
data/raw/train/NoisyLR/002583.npy,data/raw/train/GT/002583.npy,128->256,cluster_1
data/raw/train/NoisyLR/002584.npy,data/raw/train/GT/002584.npy,128->256,cluster_0
data/raw/train/NoisyLR/002585.npy,data/raw/train/GT/002585.npy,128->256,cluster_0
data/raw/train/NoisyLR/002586.npy,data/raw/train/GT/002586.npy,128->256,cluster_0
data/raw/train/NoisyLR/002587.npy,data/raw/train/GT/002587.npy,128->256,cluster_0
data/raw/train/NoisyLR/002588.npy,data/raw/train/GT/002588.npy,128->256,cluster_2
data/raw/train/NoisyLR/002589.npy,data/raw/train/GT/002589.npy,128->256,cluster_0
data/raw/train/NoisyLR/002590.npy,data/raw/train/GT/002590.npy,128->256,cluster_0
data/raw/train/NoisyLR/002591.npy,data/raw/train/GT/002591.npy,128->256,cluster_2
data/raw/train/NoisyLR/002592.npy,data/raw/train/GT/002592.npy,128->256,cluster_0
data/raw/train/NoisyLR/002593.npy,data/raw/train/GT/002593.npy,128->256,cluster_1
data/raw/train/NoisyLR/002594.npy,data/raw/train/GT/002594.npy,128->256,cluster_0
data/raw/train/NoisyLR/002595.npy,data/raw/train/GT/002595.npy,128->256,cluster_0
data/raw/train/NoisyLR/002596.npy,data/raw/train/GT/002596.npy,128->256,cluster_0
data/raw/train/NoisyLR/002597.npy,data/raw/train/GT/002597.npy,128->256,cluster_0
data/raw/train/NoisyLR/002598.npy,data/raw/train/GT/002598.npy,128->256,cluster_0
data/raw/train/NoisyLR/002599.npy,data/raw/train/GT/002599.npy,128->256,cluster_0
data/raw/train/NoisyLR/002601.npy,data/raw/train/GT/002601.npy,128->256,cluster_0
data/raw/train/NoisyLR/002602.npy,data/raw/train/GT/002602.npy,128->256,cluster_0
data/raw/train/NoisyLR/002603.npy,data/raw/train/GT/002603.npy,128->256,cluster_0
data/raw/train/NoisyLR/002604.npy,data/raw/train/GT/002604.npy,128->256,cluster_1
data/raw/train/NoisyLR/002605.npy,data/raw/train/GT/002605.npy,128->256,cluster_1
data/raw/train/NoisyLR/002606.npy,data/raw/train/GT/002606.npy,128->256,cluster_1
data/raw/train/NoisyLR/002607.npy,data/raw/train/GT/002607.npy,128->256,cluster_1
data/raw/train/NoisyLR/002608.npy,data/raw/train/GT/002608.npy,128->256,cluster_1
data/raw/train/NoisyLR/002609.npy,data/raw/train/GT/002609.npy,128->256,cluster_0
data/raw/train/NoisyLR/002610.npy,data/raw/train/GT/002610.npy,128->256,cluster_0
data/raw/train/NoisyLR/002611.npy,data/raw/train/GT/002611.npy,128->256,cluster_0
data/raw/train/NoisyLR/002613.npy,data/raw/train/GT/002613.npy,128->256,cluster_2
data/raw/train/NoisyLR/002616.npy,data/raw/train/GT/002616.npy,128->256,cluster_1
data/raw/train/NoisyLR/002619.npy,data/raw/train/GT/002619.npy,128->256,cluster_2
data/raw/train/NoisyLR/002620.npy,data/raw/train/GT/002620.npy,128->256,cluster_1
data/raw/train/NoisyLR/002621.npy,data/raw/train/GT/002621.npy,128->256,cluster_0
data/raw/train/NoisyLR/002622.npy,data/raw/train/GT/002622.npy,128->256,cluster_0
data/raw/train/NoisyLR/002623.npy,data/raw/train/GT/002623.npy,128->256,cluster_0
data/raw/train/NoisyLR/002624.npy,data/raw/train/GT/002624.npy,128->256,cluster_1
data/raw/train/NoisyLR/002625.npy,data/raw/train/GT/002625.npy,128->256,cluster_1
data/raw/train/NoisyLR/002626.npy,data/raw/train/GT/002626.npy,128->256,cluster_1
data/raw/train/NoisyLR/002627.npy,data/raw/train/GT/002627.npy,128->256,cluster_1
data/raw/train/NoisyLR/002628.npy,data/raw/train/GT/002628.npy,128->256,cluster_2
data/raw/train/NoisyLR/002629.npy,data/raw/train/GT/002629.npy,128->256,cluster_0
data/raw/train/NoisyLR/002630.npy,data/raw/train/GT/002630.npy,128->256,cluster_0
data/raw/train/NoisyLR/002631.npy,data/raw/train/GT/002631.npy,128->256,cluster_0
data/raw/train/NoisyLR/002633.npy,data/raw/train/GT/002633.npy,128->256,cluster_0
data/raw/train/NoisyLR/002634.npy,data/raw/train/GT/002634.npy,128->256,cluster_0
data/raw/train/NoisyLR/002635.npy,data/raw/train/GT/002635.npy,128->256,cluster_0
data/raw/train/NoisyLR/002636.npy,data/raw/train/GT/002636.npy,128->256,cluster_0
data/raw/train/NoisyLR/002637.npy,data/raw/train/GT/002637.npy,128->256,cluster_2
data/raw/train/NoisyLR/002638.npy,data/raw/train/GT/002638.npy,128->256,cluster_2
data/raw/train/NoisyLR/002639.npy,data/raw/train/GT/002639.npy,128->256,cluster_2
data/raw/train/NoisyLR/002640.npy,data/raw/train/GT/002640.npy,128->256,cluster_2
data/raw/train/NoisyLR/002641.npy,data/raw/train/GT/002641.npy,128->256,cluster_1
data/raw/train/NoisyLR/002642.npy,data/raw/train/GT/002642.npy,128->256,cluster_1
data/raw/train/NoisyLR/002643.npy,data/raw/train/GT/002643.npy,128->256,cluster_1
data/raw/train/NoisyLR/002644.npy,data/raw/train/GT/002644.npy,128->256,cluster_0
data/raw/train/NoisyLR/002645.npy,data/raw/train/GT/002645.npy,128->256,cluster_1
data/raw/train/NoisyLR/002646.npy,data/raw/train/GT/002646.npy,128->256,cluster_1
data/raw/train/NoisyLR/002647.npy,data/raw/train/GT/002647.npy,128->256,cluster_1
data/raw/train/NoisyLR/002648.npy,data/raw/train/GT/002648.npy,128->256,cluster_2
data/raw/train/NoisyLR/002651.npy,data/raw/train/GT/002651.npy,128->256,cluster_1
data/raw/train/NoisyLR/002652.npy,data/raw/train/GT/002652.npy,128->256,cluster_1
data/raw/train/NoisyLR/002653.npy,data/raw/train/GT/002653.npy,128->256,cluster_2
data/raw/train/NoisyLR/002655.npy,data/raw/train/GT/002655.npy,128->256,cluster_2
data/raw/train/NoisyLR/002656.npy,data/raw/train/GT/002656.npy,128->256,cluster_1
data/raw/train/NoisyLR/002657.npy,data/raw/train/GT/002657.npy,128->256,cluster_0
data/raw/train/NoisyLR/002658.npy,data/raw/train/GT/002658.npy,128->256,cluster_0
data/raw/train/NoisyLR/002659.npy,data/raw/train/GT/002659.npy,128->256,cluster_0
data/raw/train/NoisyLR/002660.npy,data/raw/train/GT/002660.npy,128->256,cluster_2
data/raw/train/NoisyLR/002661.npy,data/raw/train/GT/002661.npy,128->256,cluster_0
data/raw/train/NoisyLR/002662.npy,data/raw/train/GT/002662.npy,128->256,cluster_0
data/raw/train/NoisyLR/002663.npy,data/raw/train/GT/002663.npy,128->256,cluster_0
data/raw/train/NoisyLR/002665.npy,data/raw/train/GT/002665.npy,128->256,cluster_0
data/raw/train/NoisyLR/002666.npy,data/raw/train/GT/002666.npy,128->256,cluster_0
data/raw/train/NoisyLR/002667.npy,data/raw/train/GT/002667.npy,128->256,cluster_0
data/raw/train/NoisyLR/002670.npy,data/raw/train/GT/002670.npy,128->256,cluster_2
data/raw/train/NoisyLR/002671.npy,data/raw/train/GT/002671.npy,128->256,cluster_2
data/raw/train/NoisyLR/002673.npy,data/raw/train/GT/002673.npy,128->256,cluster_1
data/raw/train/NoisyLR/002674.npy,data/raw/train/GT/002674.npy,128->256,cluster_1
data/raw/train/NoisyLR/002676.npy,data/raw/train/GT/002676.npy,128->256,cluster_1
data/raw/train/NoisyLR/002677.npy,data/raw/train/GT/002677.npy,128->256,cluster_1
data/raw/train/NoisyLR/002678.npy,data/raw/train/GT/002678.npy,128->256,cluster_1
data/raw/train/NoisyLR/002679.npy,data/raw/train/GT/002679.npy,128->256,cluster_1
data/raw/train/NoisyLR/002680.npy,data/raw/train/GT/002680.npy,128->256,cluster_0
data/raw/train/NoisyLR/002681.npy,data/raw/train/GT/002681.npy,128->256,cluster_2
data/raw/train/NoisyLR/002682.npy,data/raw/train/GT/002682.npy,128->256,cluster_2
data/raw/train/NoisyLR/002684.npy,data/raw/train/GT/002684.npy,128->256,cluster_0
data/raw/train/NoisyLR/002685.npy,data/raw/train/GT/002685.npy,128->256,cluster_1
data/raw/train/NoisyLR/002686.npy,data/raw/train/GT/002686.npy,128->256,cluster_1
data/raw/train/NoisyLR/002687.npy,data/raw/train/GT/002687.npy,128->256,cluster_1
data/raw/train/NoisyLR/002690.npy,data/raw/train/GT/002690.npy,128->256,cluster_2
data/raw/train/NoisyLR/002692.npy,data/raw/train/GT/002692.npy,128->256,cluster_1
data/raw/train/NoisyLR/002693.npy,data/raw/train/GT/002693.npy,128->256,cluster_1
data/raw/train/NoisyLR/002694.npy,data/raw/train/GT/002694.npy,128->256,cluster_1
data/raw/train/NoisyLR/002695.npy,data/raw/train/GT/002695.npy,128->256,cluster_1
data/raw/train/NoisyLR/002697.npy,data/raw/train/GT/002697.npy,128->256,cluster_1
data/raw/train/NoisyLR/002698.npy,data/raw/train/GT/002698.npy,128->256,cluster_1
data/raw/train/NoisyLR/002699.npy,data/raw/train/GT/002699.npy,128->256,cluster_0
data/raw/train/NoisyLR/002700.npy,data/raw/train/GT/002700.npy,128->256,cluster_0
data/raw/train/NoisyLR/002701.npy,data/raw/train/GT/002701.npy,128->256,cluster_0
data/raw/train/NoisyLR/002702.npy,data/raw/train/GT/002702.npy,128->256,cluster_0
data/raw/train/NoisyLR/002703.npy,data/raw/train/GT/002703.npy,128->256,cluster_0
data/raw/train/NoisyLR/002705.npy,data/raw/train/GT/002705.npy,128->256,cluster_0
data/raw/train/NoisyLR/002706.npy,data/raw/train/GT/002706.npy,128->256,cluster_0
data/raw/train/NoisyLR/002707.npy,data/raw/train/GT/002707.npy,128->256,cluster_0
data/raw/train/NoisyLR/002708.npy,data/raw/train/GT/002708.npy,128->256,cluster_1
data/raw/train/NoisyLR/002709.npy,data/raw/train/GT/002709.npy,128->256,cluster_1
data/raw/train/NoisyLR/002710.npy,data/raw/train/GT/002710.npy,128->256,cluster_1
data/raw/train/NoisyLR/002711.npy,data/raw/train/GT/002711.npy,128->256,cluster_1
data/raw/train/NoisyLR/002712.npy,data/raw/train/GT/002712.npy,128->256,cluster_0
data/raw/train/NoisyLR/002713.npy,data/raw/train/GT/002713.npy,128->256,cluster_1
data/raw/train/NoisyLR/002714.npy,data/raw/train/GT/002714.npy,128->256,cluster_1
data/raw/train/NoisyLR/002715.npy,data/raw/train/GT/002715.npy,128->256,cluster_1
data/raw/train/NoisyLR/002716.npy,data/raw/train/GT/002716.npy,128->256,cluster_2
data/raw/train/NoisyLR/002717.npy,data/raw/train/GT/002717.npy,128->256,cluster_0
data/raw/train/NoisyLR/002718.npy,data/raw/train/GT/002718.npy,128->256,cluster_0
data/raw/train/NoisyLR/002719.npy,data/raw/train/GT/002719.npy,128->256,cluster_0
data/raw/train/NoisyLR/002720.npy,data/raw/train/GT/002720.npy,128->256,cluster_0
data/raw/train/NoisyLR/002721.npy,data/raw/train/GT/002721.npy,128->256,cluster_2
data/raw/train/NoisyLR/002722.npy,data/raw/train/GT/002722.npy,128->256,cluster_2
data/raw/train/NoisyLR/002723.npy,data/raw/train/GT/002723.npy,128->256,cluster_2
data/raw/train/NoisyLR/002724.npy,data/raw/train/GT/002724.npy,128->256,cluster_1
data/raw/train/NoisyLR/002725.npy,data/raw/train/GT/002725.npy,128->256,cluster_0
data/raw/train/NoisyLR/002726.npy,data/raw/train/GT/002726.npy,128->256,cluster_0
data/raw/train/NoisyLR/002727.npy,data/raw/train/GT/002727.npy,128->256,cluster_0
data/raw/train/NoisyLR/002728.npy,data/raw/train/GT/002728.npy,128->256,cluster_2
data/raw/train/NoisyLR/002729.npy,data/raw/train/GT/002729.npy,128->256,cluster_1
data/raw/train/NoisyLR/002730.npy,data/raw/train/GT/002730.npy,128->256,cluster_1
data/raw/train/NoisyLR/002731.npy,data/raw/train/GT/002731.npy,128->256,cluster_1
data/raw/train/NoisyLR/002733.npy,data/raw/train/GT/002733.npy,128->256,cluster_1
data/raw/train/NoisyLR/002734.npy,data/raw/train/GT/002734.npy,128->256,cluster_1
data/raw/train/NoisyLR/002735.npy,data/raw/train/GT/002735.npy,128->256,cluster_1
data/raw/train/NoisyLR/002736.npy,data/raw/train/GT/002736.npy,128->256,cluster_2
data/raw/train/NoisyLR/002737.npy,data/raw/train/GT/002737.npy,128->256,cluster_2
data/raw/train/NoisyLR/002738.npy,data/raw/train/GT/002738.npy,128->256,cluster_2
data/raw/train/NoisyLR/002739.npy,data/raw/train/GT/002739.npy,128->256,cluster_2
data/raw/train/NoisyLR/002741.npy,data/raw/train/GT/002741.npy,128->256,cluster_1
data/raw/train/NoisyLR/002742.npy,data/raw/train/GT/002742.npy,128->256,cluster_2
data/raw/train/NoisyLR/002743.npy,data/raw/train/GT/002743.npy,128->256,cluster_1
data/raw/train/NoisyLR/002744.npy,data/raw/train/GT/002744.npy,128->256,cluster_1
data/raw/train/NoisyLR/002745.npy,data/raw/train/GT/002745.npy,128->256,cluster_0
data/raw/train/NoisyLR/002746.npy,data/raw/train/GT/002746.npy,128->256,cluster_0
data/raw/train/NoisyLR/002747.npy,data/raw/train/GT/002747.npy,128->256,cluster_0
data/raw/train/NoisyLR/002748.npy,data/raw/train/GT/002748.npy,128->256,cluster_0
data/raw/train/NoisyLR/002749.npy,data/raw/train/GT/002749.npy,128->256,cluster_0
data/raw/train/NoisyLR/002750.npy,data/raw/train/GT/002750.npy,128->256,cluster_0
data/raw/train/NoisyLR/002751.npy,data/raw/train/GT/002751.npy,128->256,cluster_0
data/raw/train/NoisyLR/002752.npy,data/raw/train/GT/002752.npy,128->256,cluster_0
data/raw/train/NoisyLR/002753.npy,data/raw/train/GT/002753.npy,128->256,cluster_0
data/raw/train/NoisyLR/002754.npy,data/raw/train/GT/002754.npy,128->256,cluster_0
data/raw/train/NoisyLR/002755.npy,data/raw/train/GT/002755.npy,128->256,cluster_0
data/raw/train/NoisyLR/002756.npy,data/raw/train/GT/002756.npy,128->256,cluster_0
data/raw/train/NoisyLR/002757.npy,data/raw/train/GT/002757.npy,128->256,cluster_1
data/raw/train/NoisyLR/002758.npy,data/raw/train/GT/002758.npy,128->256,cluster_1
data/raw/train/NoisyLR/002759.npy,data/raw/train/GT/002759.npy,128->256,cluster_1
data/raw/train/NoisyLR/002760.npy,data/raw/train/GT/002760.npy,128->256,cluster_1
data/raw/train/NoisyLR/002761.npy,data/raw/train/GT/002761.npy,128->256,cluster_1
data/raw/train/NoisyLR/002762.npy,data/raw/train/GT/002762.npy,128->256,cluster_1
data/raw/train/NoisyLR/002763.npy,data/raw/train/GT/002763.npy,128->256,cluster_1
data/raw/train/NoisyLR/002764.npy,data/raw/train/GT/002764.npy,128->256,cluster_0
data/raw/train/NoisyLR/002765.npy,data/raw/train/GT/002765.npy,128->256,cluster_0
data/raw/train/NoisyLR/002766.npy,data/raw/train/GT/002766.npy,128->256,cluster_0
data/raw/train/NoisyLR/002767.npy,data/raw/train/GT/002767.npy,128->256,cluster_0
data/raw/train/NoisyLR/002768.npy,data/raw/train/GT/002768.npy,128->256,cluster_0
data/raw/train/NoisyLR/002769.npy,data/raw/train/GT/002769.npy,128->256,cluster_1
data/raw/train/NoisyLR/002770.npy,data/raw/train/GT/002770.npy,128->256,cluster_0
data/raw/train/NoisyLR/002771.npy,data/raw/train/GT/002771.npy,128->256,cluster_1
data/raw/train/NoisyLR/002772.npy,data/raw/train/GT/002772.npy,128->256,cluster_0
data/raw/train/NoisyLR/002773.npy,data/raw/train/GT/002773.npy,128->256,cluster_2
data/raw/train/NoisyLR/002774.npy,data/raw/train/GT/002774.npy,128->256,cluster_2
data/raw/train/NoisyLR/002775.npy,data/raw/train/GT/002775.npy,128->256,cluster_2
data/raw/train/NoisyLR/002776.npy,data/raw/train/GT/002776.npy,128->256,cluster_2
data/raw/train/NoisyLR/002777.npy,data/raw/train/GT/002777.npy,128->256,cluster_0
data/raw/train/NoisyLR/002778.npy,data/raw/train/GT/002778.npy,128->256,cluster_0
data/raw/train/NoisyLR/002779.npy,data/raw/train/GT/002779.npy,128->256,cluster_0
data/raw/train/NoisyLR/002780.npy,data/raw/train/GT/002780.npy,128->256,cluster_2
data/raw/train/NoisyLR/002781.npy,data/raw/train/GT/002781.npy,128->256,cluster_0
data/raw/train/NoisyLR/002782.npy,data/raw/train/GT/002782.npy,128->256,cluster_0
data/raw/train/NoisyLR/002783.npy,data/raw/train/GT/002783.npy,128->256,cluster_0
data/raw/train/NoisyLR/002784.npy,data/raw/train/GT/002784.npy,128->256,cluster_2
data/raw/train/NoisyLR/002785.npy,data/raw/train/GT/002785.npy,128->256,cluster_0
data/raw/train/NoisyLR/002786.npy,data/raw/train/GT/002786.npy,128->256,cluster_0
data/raw/train/NoisyLR/002787.npy,data/raw/train/GT/002787.npy,128->256,cluster_0
data/raw/train/NoisyLR/002788.npy,data/raw/train/GT/002788.npy,128->256,cluster_1
data/raw/train/NoisyLR/002789.npy,data/raw/train/GT/002789.npy,128->256,cluster_1
data/raw/train/NoisyLR/002790.npy,data/raw/train/GT/002790.npy,128->256,cluster_1
data/raw/train/NoisyLR/002791.npy,data/raw/train/GT/002791.npy,128->256,cluster_1
data/raw/train/NoisyLR/002792.npy,data/raw/train/GT/002792.npy,128->256,cluster_1
data/raw/train/NoisyLR/002793.npy,data/raw/train/GT/002793.npy,128->256,cluster_0
data/raw/train/NoisyLR/002794.npy,data/raw/train/GT/002794.npy,128->256,cluster_0
data/raw/train/NoisyLR/002795.npy,data/raw/train/GT/002795.npy,128->256,cluster_0
data/raw/train/NoisyLR/002796.npy,data/raw/train/GT/002796.npy,128->256,cluster_1
data/raw/train/NoisyLR/002797.npy,data/raw/train/GT/002797.npy,128->256,cluster_2
data/raw/train/NoisyLR/002798.npy,data/raw/train/GT/002798.npy,128->256,cluster_2
data/raw/train/NoisyLR/002799.npy,data/raw/train/GT/002799.npy,128->256,cluster_1
data/raw/train/NoisyLR/002800.npy,data/raw/train/GT/002800.npy,128->256,cluster_1
data/raw/train/NoisyLR/002801.npy,data/raw/train/GT/002801.npy,128->256,cluster_1
data/raw/train/NoisyLR/002802.npy,data/raw/train/GT/002802.npy,128->256,cluster_1
data/raw/train/NoisyLR/002803.npy,data/raw/train/GT/002803.npy,128->256,cluster_1
data/raw/train/NoisyLR/002804.npy,data/raw/train/GT/002804.npy,128->256,cluster_0
data/raw/train/NoisyLR/002805.npy,data/raw/train/GT/002805.npy,128->256,cluster_0
data/raw/train/NoisyLR/002806.npy,data/raw/train/GT/002806.npy,128->256,cluster_1
data/raw/train/NoisyLR/002807.npy,data/raw/train/GT/002807.npy,128->256,cluster_0
data/raw/train/NoisyLR/002809.npy,data/raw/train/GT/002809.npy,128->256,cluster_0
data/raw/train/NoisyLR/002810.npy,data/raw/train/GT/002810.npy,128->256,cluster_0
data/raw/train/NoisyLR/002811.npy,data/raw/train/GT/002811.npy,128->256,cluster_0
data/raw/train/NoisyLR/002812.npy,data/raw/train/GT/002812.npy,128->256,cluster_2
data/raw/train/NoisyLR/002813.npy,data/raw/train/GT/002813.npy,128->256,cluster_2
data/raw/train/NoisyLR/002814.npy,data/raw/train/GT/002814.npy,128->256,cluster_2
data/raw/train/NoisyLR/002816.npy,data/raw/train/GT/002816.npy,128->256,cluster_0
data/raw/train/NoisyLR/002817.npy,data/raw/train/GT/002817.npy,128->256,cluster_0
data/raw/train/NoisyLR/002818.npy,data/raw/train/GT/002818.npy,128->256,cluster_0
data/raw/train/NoisyLR/002819.npy,data/raw/train/GT/002819.npy,128->256,cluster_0
data/raw/train/NoisyLR/002820.npy,data/raw/train/GT/002820.npy,128->256,cluster_2
data/raw/train/NoisyLR/002821.npy,data/raw/train/GT/002821.npy,128->256,cluster_0
data/raw/train/NoisyLR/002822.npy,data/raw/train/GT/002822.npy,128->256,cluster_0
data/raw/train/NoisyLR/002823.npy,data/raw/train/GT/002823.npy,128->256,cluster_0
data/raw/train/NoisyLR/002825.npy,data/raw/train/GT/002825.npy,128->256,cluster_1
data/raw/train/NoisyLR/002826.npy,data/raw/train/GT/002826.npy,128->256,cluster_1
data/raw/train/NoisyLR/002827.npy,data/raw/train/GT/002827.npy,128->256,cluster_1
data/raw/train/NoisyLR/002828.npy,data/raw/train/GT/002828.npy,128->256,cluster_0
data/raw/train/NoisyLR/002831.npy,data/raw/train/GT/002831.npy,128->256,cluster_2
data/raw/train/NoisyLR/002832.npy,data/raw/train/GT/002832.npy,128->256,cluster_0
data/raw/train/NoisyLR/002833.npy,data/raw/train/GT/002833.npy,128->256,cluster_0
data/raw/train/NoisyLR/002834.npy,data/raw/train/GT/002834.npy,128->256,cluster_0
data/raw/train/NoisyLR/002835.npy,data/raw/train/GT/002835.npy,128->256,cluster_0
data/raw/train/NoisyLR/002836.npy,data/raw/train/GT/002836.npy,128->256,cluster_0
data/raw/train/NoisyLR/002837.npy,data/raw/train/GT/002837.npy,128->256,cluster_1
data/raw/train/NoisyLR/002838.npy,data/raw/train/GT/002838.npy,128->256,cluster_1
data/raw/train/NoisyLR/002839.npy,data/raw/train/GT/002839.npy,128->256,cluster_1
data/raw/train/NoisyLR/002840.npy,data/raw/train/GT/002840.npy,128->256,cluster_2
data/raw/train/NoisyLR/002841.npy,data/raw/train/GT/002841.npy,128->256,cluster_1
data/raw/train/NoisyLR/002842.npy,data/raw/train/GT/002842.npy,128->256,cluster_1
data/raw/train/NoisyLR/002843.npy,data/raw/train/GT/002843.npy,128->256,cluster_1
data/raw/train/NoisyLR/002844.npy,data/raw/train/GT/002844.npy,128->256,cluster_1
data/raw/train/NoisyLR/002845.npy,data/raw/train/GT/002845.npy,128->256,cluster_0
data/raw/train/NoisyLR/002846.npy,data/raw/train/GT/002846.npy,128->256,cluster_0
data/raw/train/NoisyLR/002847.npy,data/raw/train/GT/002847.npy,128->256,cluster_0
data/raw/train/NoisyLR/002848.npy,data/raw/train/GT/002848.npy,128->256,cluster_2
data/raw/train/NoisyLR/002850.npy,data/raw/train/GT/002850.npy,128->256,cluster_2
data/raw/train/NoisyLR/002851.npy,data/raw/train/GT/002851.npy,128->256,cluster_1
data/raw/train/NoisyLR/002852.npy,data/raw/train/GT/002852.npy,128->256,cluster_0
data/raw/train/NoisyLR/002853.npy,data/raw/train/GT/002853.npy,128->256,cluster_0
data/raw/train/NoisyLR/002854.npy,data/raw/train/GT/002854.npy,128->256,cluster_0
data/raw/train/NoisyLR/002855.npy,data/raw/train/GT/002855.npy,128->256,cluster_0
data/raw/train/NoisyLR/002856.npy,data/raw/train/GT/002856.npy,128->256,cluster_0
data/raw/train/NoisyLR/002857.npy,data/raw/train/GT/002857.npy,128->256,cluster_2
data/raw/train/NoisyLR/002860.npy,data/raw/train/GT/002860.npy,128->256,cluster_2
data/raw/train/NoisyLR/002861.npy,data/raw/train/GT/002861.npy,128->256,cluster_0
data/raw/train/NoisyLR/002862.npy,data/raw/train/GT/002862.npy,128->256,cluster_0
data/raw/train/NoisyLR/002863.npy,data/raw/train/GT/002863.npy,128->256,cluster_0
data/raw/train/NoisyLR/002864.npy,data/raw/train/GT/002864.npy,128->256,cluster_0
data/raw/train/NoisyLR/002865.npy,data/raw/train/GT/002865.npy,128->256,cluster_0
data/raw/train/NoisyLR/002866.npy,data/raw/train/GT/002866.npy,128->256,cluster_0
data/raw/train/NoisyLR/002867.npy,data/raw/train/GT/002867.npy,128->256,cluster_0
data/raw/train/NoisyLR/002870.npy,data/raw/train/GT/002870.npy,128->256,cluster_2
data/raw/train/NoisyLR/002871.npy,data/raw/train/GT/002871.npy,128->256,cluster_2
data/raw/train/NoisyLR/002872.npy,data/raw/train/GT/002872.npy,128->256,cluster_2
data/raw/train/NoisyLR/002873.npy,data/raw/train/GT/002873.npy,128->256,cluster_1
data/raw/train/NoisyLR/002874.npy,data/raw/train/GT/002874.npy,128->256,cluster_1
data/raw/train/NoisyLR/002875.npy,data/raw/train/GT/002875.npy,128->256,cluster_1
data/raw/train/NoisyLR/002876.npy,data/raw/train/GT/002876.npy,128->256,cluster_0
data/raw/train/NoisyLR/002878.npy,data/raw/train/GT/002878.npy,128->256,cluster_0
data/raw/train/NoisyLR/002879.npy,data/raw/train/GT/002879.npy,128->256,cluster_0
data/raw/train/NoisyLR/002880.npy,data/raw/train/GT/002880.npy,128->256,cluster_0
data/raw/train/NoisyLR/002882.npy,data/raw/train/GT/002882.npy,128->256,cluster_2
data/raw/train/NoisyLR/002884.npy,data/raw/train/GT/002884.npy,128->256,cluster_1
data/raw/train/NoisyLR/002885.npy,data/raw/train/GT/002885.npy,128->256,cluster_0
data/raw/train/NoisyLR/002886.npy,data/raw/train/GT/002886.npy,128->256,cluster_0
data/raw/train/NoisyLR/002887.npy,data/raw/train/GT/002887.npy,128->256,cluster_0
data/raw/train/NoisyLR/002888.npy,data/raw/train/GT/002888.npy,128->256,cluster_1
data/raw/train/NoisyLR/002889.npy,data/raw/train/GT/002889.npy,128->256,cluster_1
data/raw/train/NoisyLR/002890.npy,data/raw/train/GT/002890.npy,128->256,cluster_1
data/raw/train/NoisyLR/002891.npy,data/raw/train/GT/002891.npy,128->256,cluster_1
data/raw/train/NoisyLR/002892.npy,data/raw/train/GT/002892.npy,128->256,cluster_1
data/raw/train/NoisyLR/002895.npy,data/raw/train/GT/002895.npy,128->256,cluster_2
data/raw/train/NoisyLR/002896.npy,data/raw/train/GT/002896.npy,128->256,cluster_1
data/raw/train/NoisyLR/002897.npy,data/raw/train/GT/002897.npy,128->256,cluster_0
data/raw/train/NoisyLR/002898.npy,data/raw/train/GT/002898.npy,128->256,cluster_0
data/raw/train/NoisyLR/002899.npy,data/raw/train/GT/002899.npy,128->256,cluster_0
data/raw/train/NoisyLR/002900.npy,data/raw/train/GT/002900.npy,128->256,cluster_0
data/raw/train/NoisyLR/002901.npy,data/raw/train/GT/002901.npy,128->256,cluster_2
data/raw/train/NoisyLR/002902.npy,data/raw/train/GT/002902.npy,128->256,cluster_2
data/raw/train/NoisyLR/002904.npy,data/raw/train/GT/002904.npy,128->256,cluster_0
data/raw/train/NoisyLR/002905.npy,data/raw/train/GT/002905.npy,128->256,cluster_0
data/raw/train/NoisyLR/002906.npy,data/raw/train/GT/002906.npy,128->256,cluster_0
data/raw/train/NoisyLR/002907.npy,data/raw/train/GT/002907.npy,128->256,cluster_0
data/raw/train/NoisyLR/002908.npy,data/raw/train/GT/002908.npy,128->256,cluster_2
data/raw/train/NoisyLR/002909.npy,data/raw/train/GT/002909.npy,128->256,cluster_0
data/raw/train/NoisyLR/002910.npy,data/raw/train/GT/002910.npy,128->256,cluster_0
data/raw/train/NoisyLR/002911.npy,data/raw/train/GT/002911.npy,128->256,cluster_0
data/raw/train/NoisyLR/002912.npy,data/raw/train/GT/002912.npy,128->256,cluster_2
data/raw/train/NoisyLR/002913.npy,data/raw/train/GT/002913.npy,128->256,cluster_0
data/raw/train/NoisyLR/002914.npy,data/raw/train/GT/002914.npy,128->256,cluster_0
data/raw/train/NoisyLR/002915.npy,data/raw/train/GT/002915.npy,128->256,cluster_0
data/raw/train/NoisyLR/002916.npy,data/raw/train/GT/002916.npy,128->256,cluster_1
data/raw/train/NoisyLR/002918.npy,data/raw/train/GT/002918.npy,128->256,cluster_2
data/raw/train/NoisyLR/002919.npy,data/raw/train/GT/002919.npy,128->256,cluster_2
data/raw/train/NoisyLR/002920.npy,data/raw/train/GT/002920.npy,128->256,cluster_2
data/raw/train/NoisyLR/002921.npy,data/raw/train/GT/002921.npy,128->256,cluster_1
data/raw/train/NoisyLR/002922.npy,data/raw/train/GT/002922.npy,128->256,cluster_1
data/raw/train/NoisyLR/002923.npy,data/raw/train/GT/002923.npy,128->256,cluster_1
data/raw/train/NoisyLR/002924.npy,data/raw/train/GT/002924.npy,128->256,cluster_0
data/raw/train/NoisyLR/002925.npy,data/raw/train/GT/002925.npy,128->256,cluster_1
data/raw/train/NoisyLR/002926.npy,data/raw/train/GT/002926.npy,128->256,cluster_1
data/raw/train/NoisyLR/002927.npy,data/raw/train/GT/002927.npy,128->256,cluster_1
data/raw/train/NoisyLR/002929.npy,data/raw/train/GT/002929.npy,128->256,cluster_1
data/raw/train/NoisyLR/002930.npy,data/raw/train/GT/002930.npy,128->256,cluster_1
data/raw/train/NoisyLR/002931.npy,data/raw/train/GT/002931.npy,128->256,cluster_1
data/raw/train/NoisyLR/002932.npy,data/raw/train/GT/002932.npy,128->256,cluster_0
data/raw/train/NoisyLR/002933.npy,data/raw/train/GT/002933.npy,128->256,cluster_0
data/raw/train/NoisyLR/002934.npy,data/raw/train/GT/002934.npy,128->256,cluster_0
data/raw/train/NoisyLR/002935.npy,data/raw/train/GT/002935.npy,128->256,cluster_0
data/raw/train/NoisyLR/002936.npy,data/raw/train/GT/002936.npy,128->256,cluster_0
data/raw/train/NoisyLR/002937.npy,data/raw/train/GT/002937.npy,128->256,cluster_1
data/raw/train/NoisyLR/002938.npy,data/raw/train/GT/002938.npy,128->256,cluster_1
data/raw/train/NoisyLR/002939.npy,data/raw/train/GT/002939.npy,128->256,cluster_1
data/raw/train/NoisyLR/002940.npy,data/raw/train/GT/002940.npy,128->256,cluster_2
data/raw/train/NoisyLR/002941.npy,data/raw/train/GT/002941.npy,128->256,cluster_2
data/raw/train/NoisyLR/002942.npy,data/raw/train/GT/002942.npy,128->256,cluster_2
data/raw/train/NoisyLR/002943.npy,data/raw/train/GT/002943.npy,128->256,cluster_2
data/raw/train/NoisyLR/002944.npy,data/raw/train/GT/002944.npy,128->256,cluster_2
data/raw/train/NoisyLR/002945.npy,data/raw/train/GT/002945.npy,128->256,cluster_0
data/raw/train/NoisyLR/002946.npy,data/raw/train/GT/002946.npy,128->256,cluster_0
data/raw/train/NoisyLR/002947.npy,data/raw/train/GT/002947.npy,128->256,cluster_0
data/raw/train/NoisyLR/002949.npy,data/raw/train/GT/002949.npy,128->256,cluster_1
data/raw/train/NoisyLR/002950.npy,data/raw/train/GT/002950.npy,128->256,cluster_1
data/raw/train/NoisyLR/002951.npy,data/raw/train/GT/002951.npy,128->256,cluster_1
data/raw/train/NoisyLR/002952.npy,data/raw/train/GT/002952.npy,128->256,cluster_2
data/raw/train/NoisyLR/002953.npy,data/raw/train/GT/002953.npy,128->256,cluster_2
data/raw/train/NoisyLR/002954.npy,data/raw/train/GT/002954.npy,128->256,cluster_2
data/raw/train/NoisyLR/002956.npy,data/raw/train/GT/002956.npy,128->256,cluster_2
data/raw/train/NoisyLR/002957.npy,data/raw/train/GT/002957.npy,128->256,cluster_0
data/raw/train/NoisyLR/002958.npy,data/raw/train/GT/002958.npy,128->256,cluster_0
data/raw/train/NoisyLR/002959.npy,data/raw/train/GT/002959.npy,128->256,cluster_0
data/raw/train/NoisyLR/002960.npy,data/raw/train/GT/002960.npy,128->256,cluster_0
data/raw/train/NoisyLR/002961.npy,data/raw/train/GT/002961.npy,128->256,cluster_0
data/raw/train/NoisyLR/002962.npy,data/raw/train/GT/002962.npy,128->256,cluster_0
data/raw/train/NoisyLR/002963.npy,data/raw/train/GT/002963.npy,128->256,cluster_0
data/raw/train/NoisyLR/002964.npy,data/raw/train/GT/002964.npy,128->256,cluster_0
data/raw/train/NoisyLR/002965.npy,data/raw/train/GT/002965.npy,128->256,cluster_0
data/raw/train/NoisyLR/002966.npy,data/raw/train/GT/002966.npy,128->256,cluster_0
data/raw/train/NoisyLR/002967.npy,data/raw/train/GT/002967.npy,128->256,cluster_0
data/raw/train/NoisyLR/002968.npy,data/raw/train/GT/002968.npy,128->256,cluster_1
data/raw/train/NoisyLR/002969.npy,data/raw/train/GT/002969.npy,128->256,cluster_1
data/raw/train/NoisyLR/002970.npy,data/raw/train/GT/002970.npy,128->256,cluster_1
data/raw/train/NoisyLR/002971.npy,data/raw/train/GT/002971.npy,128->256,cluster_1
data/raw/train/NoisyLR/002972.npy,data/raw/train/GT/002972.npy,128->256,cluster_0
data/raw/train/NoisyLR/002977.npy,data/raw/train/GT/002977.npy,128->256,cluster_0
data/raw/train/NoisyLR/002978.npy,data/raw/train/GT/002978.npy,128->256,cluster_0
data/raw/train/NoisyLR/002979.npy,data/raw/train/GT/002979.npy,128->256,cluster_0
data/raw/train/NoisyLR/002980.npy,data/raw/train/GT/002980.npy,128->256,cluster_0
data/raw/train/NoisyLR/002981.npy,data/raw/train/GT/002981.npy,128->256,cluster_2
data/raw/train/NoisyLR/002982.npy,data/raw/train/GT/002982.npy,128->256,cluster_2
data/raw/train/NoisyLR/002984.npy,data/raw/train/GT/002984.npy,128->256,cluster_1
data/raw/train/NoisyLR/002985.npy,data/raw/train/GT/002985.npy,128->256,cluster_1
data/raw/train/NoisyLR/002986.npy,data/raw/train/GT/002986.npy,128->256,cluster_1
data/raw/train/NoisyLR/002987.npy,data/raw/train/GT/002987.npy,128->256,cluster_1
data/raw/train/NoisyLR/002988.npy,data/raw/train/GT/002988.npy,128->256,cluster_1
data/raw/train/NoisyLR/002989.npy,data/raw/train/GT/002989.npy,128->256,cluster_0
data/raw/train/NoisyLR/002990.npy,data/raw/train/GT/002990.npy,128->256,cluster_2
data/raw/train/NoisyLR/002991.npy,data/raw/train/GT/002991.npy,128->256,cluster_0
data/raw/train/NoisyLR/002992.npy,data/raw/train/GT/002992.npy,128->256,cluster_2
data/raw/train/NoisyLR/002996.npy,data/raw/train/GT/002996.npy,128->256,cluster_2
data/raw/train/NoisyLR/002997.npy,data/raw/train/GT/002997.npy,128->256,cluster_1
data/raw/train/NoisyLR/002998.npy,data/raw/train/GT/002998.npy,128->256,cluster_1
data/raw/train/NoisyLR/002999.npy,data/raw/train/GT/002999.npy,128->256,cluster_1
data/raw/train/NoisyLR/003000.npy,data/raw/train/GT/003000.npy,128->256,cluster_0
data/raw/train/NoisyLR/003001.npy,data/raw/train/GT/003001.npy,128->256,cluster_0
data/raw/train/NoisyLR/003002.npy,data/raw/train/GT/003002.npy,128->256,cluster_0
data/raw/train/NoisyLR/003003.npy,data/raw/train/GT/003003.npy,128->256,cluster_0
data/raw/train/NoisyLR/003004.npy,data/raw/train/GT/003004.npy,128->256,cluster_0
data/raw/train/NoisyLR/003005.npy,data/raw/train/GT/003005.npy,128->256,cluster_0
data/raw/train/NoisyLR/003006.npy,data/raw/train/GT/003006.npy,128->256,cluster_0
data/raw/train/NoisyLR/003007.npy,data/raw/train/GT/003007.npy,128->256,cluster_0
data/raw/train/NoisyLR/003008.npy,data/raw/train/GT/003008.npy,128->256,cluster_0
data/raw/train/NoisyLR/003009.npy,data/raw/train/GT/003009.npy,128->256,cluster_0
data/raw/train/NoisyLR/003010.npy,data/raw/train/GT/003010.npy,128->256,cluster_0
data/raw/train/NoisyLR/003011.npy,data/raw/train/GT/003011.npy,128->256,cluster_1
data/raw/train/NoisyLR/003013.npy,data/raw/train/GT/003013.npy,128->256,cluster_1
data/raw/train/NoisyLR/003014.npy,data/raw/train/GT/003014.npy,128->256,cluster_1
data/raw/train/NoisyLR/003015.npy,data/raw/train/GT/003015.npy,128->256,cluster_1
data/raw/train/NoisyLR/003016.npy,data/raw/train/GT/003016.npy,128->256,cluster_2
data/raw/train/NoisyLR/003017.npy,data/raw/train/GT/003017.npy,128->256,cluster_2
data/raw/train/NoisyLR/003018.npy,data/raw/train/GT/003018.npy,128->256,cluster_2
data/raw/train/NoisyLR/003020.npy,data/raw/train/GT/003020.npy,128->256,cluster_0
data/raw/train/NoisyLR/003021.npy,data/raw/train/GT/003021.npy,128->256,cluster_0
data/raw/train/NoisyLR/003022.npy,data/raw/train/GT/003022.npy,128->256,cluster_0
data/raw/train/NoisyLR/003023.npy,data/raw/train/GT/003023.npy,128->256,cluster_0
data/raw/train/NoisyLR/003025.npy,data/raw/train/GT/003025.npy,128->256,cluster_2
data/raw/train/NoisyLR/003026.npy,data/raw/train/GT/003026.npy,128->256,cluster_2
data/raw/train/NoisyLR/003029.npy,data/raw/train/GT/003029.npy,128->256,cluster_0
data/raw/train/NoisyLR/003030.npy,data/raw/train/GT/003030.npy,128->256,cluster_0
data/raw/train/NoisyLR/003031.npy,data/raw/train/GT/003031.npy,128->256,cluster_0
data/raw/train/NoisyLR/003032.npy,data/raw/train/GT/003032.npy,128->256,cluster_1
data/raw/train/NoisyLR/003033.npy,data/raw/train/GT/003033.npy,128->256,cluster_2
data/raw/train/NoisyLR/003034.npy,data/raw/train/GT/003034.npy,128->256,cluster_2
data/raw/train/NoisyLR/003037.npy,data/raw/train/GT/003037.npy,128->256,cluster_0
data/raw/train/NoisyLR/003038.npy,data/raw/train/GT/003038.npy,128->256,cluster_0
data/raw/train/NoisyLR/003039.npy,data/raw/train/GT/003039.npy,128->256,cluster_0
data/raw/train/NoisyLR/003040.npy,data/raw/train/GT/003040.npy,128->256,cluster_0
data/raw/train/NoisyLR/003041.npy,data/raw/train/GT/003041.npy,128->256,cluster_0
data/raw/train/NoisyLR/003042.npy,data/raw/train/GT/003042.npy,128->256,cluster_0
data/raw/train/NoisyLR/003043.npy,data/raw/train/GT/003043.npy,128->256,cluster_0
data/raw/train/NoisyLR/003044.npy,data/raw/train/GT/003044.npy,128->256,cluster_1
data/raw/train/NoisyLR/003045.npy,data/raw/train/GT/003045.npy,128->256,cluster_1
data/raw/train/NoisyLR/003046.npy,data/raw/train/GT/003046.npy,128->256,cluster_1
data/raw/train/NoisyLR/003047.npy,data/raw/train/GT/003047.npy,128->256,cluster_1
data/raw/train/NoisyLR/003048.npy,data/raw/train/GT/003048.npy,128->256,cluster_2
data/raw/train/NoisyLR/003049.npy,data/raw/train/GT/003049.npy,128->256,cluster_1
data/raw/train/NoisyLR/003050.npy,data/raw/train/GT/003050.npy,128->256,cluster_1
data/raw/train/NoisyLR/003051.npy,data/raw/train/GT/003051.npy,128->256,cluster_1
data/raw/train/NoisyLR/003052.npy,data/raw/train/GT/003052.npy,128->256,cluster_0
data/raw/train/NoisyLR/003053.npy,data/raw/train/GT/003053.npy,128->256,cluster_0
data/raw/train/NoisyLR/003054.npy,data/raw/train/GT/003054.npy,128->256,cluster_0
data/raw/train/NoisyLR/003055.npy,data/raw/train/GT/003055.npy,128->256,cluster_0
data/raw/train/NoisyLR/003056.npy,data/raw/train/GT/003056.npy,128->256,cluster_0
data/raw/train/NoisyLR/003057.npy,data/raw/train/GT/003057.npy,128->256,cluster_1
data/raw/train/NoisyLR/003058.npy,data/raw/train/GT/003058.npy,128->256,cluster_1
data/raw/train/NoisyLR/003059.npy,data/raw/train/GT/003059.npy,128->256,cluster_1
data/raw/train/NoisyLR/003061.npy,data/raw/train/GT/003061.npy,128->256,cluster_1
data/raw/train/NoisyLR/003062.npy,data/raw/train/GT/003062.npy,128->256,cluster_1
data/raw/train/NoisyLR/003063.npy,data/raw/train/GT/003063.npy,128->256,cluster_1
data/raw/train/NoisyLR/003064.npy,data/raw/train/GT/003064.npy,128->256,cluster_1
data/raw/train/NoisyLR/003065.npy,data/raw/train/GT/003065.npy,128->256,cluster_0
data/raw/train/NoisyLR/003067.npy,data/raw/train/GT/003067.npy,128->256,cluster_0
data/raw/train/NoisyLR/003068.npy,data/raw/train/GT/003068.npy,128->256,cluster_1
data/raw/train/NoisyLR/003069.npy,data/raw/train/GT/003069.npy,128->256,cluster_1
data/raw/train/NoisyLR/003070.npy,data/raw/train/GT/003070.npy,128->256,cluster_1
data/raw/train/NoisyLR/003071.npy,data/raw/train/GT/003071.npy,128->256,cluster_1
data/raw/train/NoisyLR/003072.npy,data/raw/train/GT/003072.npy,128->256,cluster_0
data/raw/train/NoisyLR/003073.npy,data/raw/train/GT/003073.npy,128->256,cluster_0
data/raw/train/NoisyLR/003074.npy,data/raw/train/GT/003074.npy,128->256,cluster_0
data/raw/train/NoisyLR/003075.npy,data/raw/train/GT/003075.npy,128->256,cluster_0
data/raw/train/NoisyLR/003076.npy,data/raw/train/GT/003076.npy,128->256,cluster_2
data/raw/train/NoisyLR/003077.npy,data/raw/train/GT/003077.npy,128->256,cluster_1
data/raw/train/NoisyLR/003078.npy,data/raw/train/GT/003078.npy,128->256,cluster_1
data/raw/train/NoisyLR/003079.npy,data/raw/train/GT/003079.npy,128->256,cluster_1
data/raw/train/NoisyLR/003081.npy,data/raw/train/GT/003081.npy,128->256,cluster_1
data/raw/train/NoisyLR/003082.npy,data/raw/train/GT/003082.npy,128->256,cluster_1
data/raw/train/NoisyLR/003083.npy,data/raw/train/GT/003083.npy,128->256,cluster_1
data/raw/train/NoisyLR/003085.npy,data/raw/train/GT/003085.npy,128->256,cluster_0
data/raw/train/NoisyLR/003086.npy,data/raw/train/GT/003086.npy,128->256,cluster_0
data/raw/train/NoisyLR/003087.npy,data/raw/train/GT/003087.npy,128->256,cluster_0
data/raw/train/NoisyLR/003088.npy,data/raw/train/GT/003088.npy,128->256,cluster_0
data/raw/train/NoisyLR/003089.npy,data/raw/train/GT/003089.npy,128->256,cluster_0
data/raw/train/NoisyLR/003090.npy,data/raw/train/GT/003090.npy,128->256,cluster_0
data/raw/train/NoisyLR/003091.npy,data/raw/train/GT/003091.npy,128->256,cluster_0
data/raw/train/NoisyLR/003092.npy,data/raw/train/GT/003092.npy,128->256,cluster_1
data/raw/train/NoisyLR/003093.npy,data/raw/train/GT/003093.npy,128->256,cluster_1
data/raw/train/NoisyLR/003094.npy,data/raw/train/GT/003094.npy,128->256,cluster_1
data/raw/train/NoisyLR/003095.npy,data/raw/train/GT/003095.npy,128->256,cluster_1
data/raw/train/NoisyLR/003096.npy,data/raw/train/GT/003096.npy,128->256,cluster_0
data/raw/train/NoisyLR/003097.npy,data/raw/train/GT/003097.npy,128->256,cluster_2
data/raw/train/NoisyLR/003100.npy,data/raw/train/GT/003100.npy,128->256,cluster_0
data/raw/train/NoisyLR/003101.npy,data/raw/train/GT/003101.npy,128->256,cluster_0
data/raw/train/NoisyLR/003102.npy,data/raw/train/GT/003102.npy,128->256,cluster_0
data/raw/train/NoisyLR/003103.npy,data/raw/train/GT/003103.npy,128->256,cluster_0
data/raw/train/NoisyLR/003104.npy,data/raw/train/GT/003104.npy,128->256,cluster_0
data/raw/train/NoisyLR/003105.npy,data/raw/train/GT/003105.npy,128->256,cluster_0
data/raw/train/NoisyLR/003106.npy,data/raw/train/GT/003106.npy,128->256,cluster_0
data/raw/train/NoisyLR/003107.npy,data/raw/train/GT/003107.npy,128->256,cluster_0
data/raw/train/NoisyLR/003108.npy,data/raw/train/GT/003108.npy,128->256,cluster_2
data/raw/train/NoisyLR/003109.npy,data/raw/train/GT/003109.npy,128->256,cluster_1
data/raw/train/NoisyLR/003110.npy,data/raw/train/GT/003110.npy,128->256,cluster_1
data/raw/train/NoisyLR/003111.npy,data/raw/train/GT/003111.npy,128->256,cluster_1
data/raw/train/NoisyLR/003112.npy,data/raw/train/GT/003112.npy,128->256,cluster_2
data/raw/train/NoisyLR/003113.npy,data/raw/train/GT/003113.npy,128->256,cluster_0
data/raw/train/NoisyLR/003114.npy,data/raw/train/GT/003114.npy,128->256,cluster_0
data/raw/train/NoisyLR/003115.npy,data/raw/train/GT/003115.npy,128->256,cluster_0
data/raw/train/NoisyLR/003116.npy,data/raw/train/GT/003116.npy,128->256,cluster_1
data/raw/train/NoisyLR/003117.npy,data/raw/train/GT/003117.npy,128->256,cluster_0
data/raw/train/NoisyLR/003118.npy,data/raw/train/GT/003118.npy,128->256,cluster_0
data/raw/train/NoisyLR/003119.npy,data/raw/train/GT/003119.npy,128->256,cluster_0
data/raw/train/NoisyLR/003120.npy,data/raw/train/GT/003120.npy,128->256,cluster_0
data/raw/train/NoisyLR/003122.npy,data/raw/train/GT/003122.npy,128->256,cluster_1
data/raw/train/NoisyLR/003123.npy,data/raw/train/GT/003123.npy,128->256,cluster_1
data/raw/train/NoisyLR/003124.npy,data/raw/train/GT/003124.npy,128->256,cluster_1
data/raw/train/NoisyLR/003126.npy,data/raw/train/GT/003126.npy,128->256,cluster_2
data/raw/train/NoisyLR/003127.npy,data/raw/train/GT/003127.npy,128->256,cluster_2
data/raw/train/NoisyLR/003128.npy,data/raw/train/GT/003128.npy,128->256,cluster_2
data/raw/train/NoisyLR/003129.npy,data/raw/train/GT/003129.npy,128->256,cluster_1
data/raw/train/NoisyLR/003130.npy,data/raw/train/GT/003130.npy,128->256,cluster_1
data/raw/train/NoisyLR/003131.npy,data/raw/train/GT/003131.npy,128->256,cluster_1
data/raw/train/NoisyLR/003132.npy,data/raw/train/GT/003132.npy,128->256,cluster_1
data/raw/train/NoisyLR/003133.npy,data/raw/train/GT/003133.npy,128->256,cluster_0
data/raw/train/NoisyLR/003134.npy,data/raw/train/GT/003134.npy,128->256,cluster_0
data/raw/train/NoisyLR/003135.npy,data/raw/train/GT/003135.npy,128->256,cluster_0
data/raw/train/NoisyLR/003136.npy,data/raw/train/GT/003136.npy,128->256,cluster_0
data/raw/train/NoisyLR/003137.npy,data/raw/train/GT/003137.npy,128->256,cluster_0
data/raw/train/NoisyLR/003138.npy,data/raw/train/GT/003138.npy,128->256,cluster_0
data/raw/train/NoisyLR/003139.npy,data/raw/train/GT/003139.npy,128->256,cluster_0
data/raw/train/NoisyLR/003140.npy,data/raw/train/GT/003140.npy,128->256,cluster_2
data/raw/train/NoisyLR/003141.npy,data/raw/train/GT/003141.npy,128->256,cluster_0
data/raw/train/NoisyLR/003142.npy,data/raw/train/GT/003142.npy,128->256,cluster_0
data/raw/train/NoisyLR/003143.npy,data/raw/train/GT/003143.npy,128->256,cluster_0
data/raw/train/NoisyLR/003144.npy,data/raw/train/GT/003144.npy,128->256,cluster_1
data/raw/train/NoisyLR/003145.npy,data/raw/train/GT/003145.npy,128->256,cluster_0
data/raw/train/NoisyLR/003146.npy,data/raw/train/GT/003146.npy,128->256,cluster_0
data/raw/train/NoisyLR/003147.npy,data/raw/train/GT/003147.npy,128->256,cluster_0
data/raw/train/NoisyLR/003148.npy,data/raw/train/GT/003148.npy,128->256,cluster_0
data/raw/train/NoisyLR/003149.npy,data/raw/train/GT/003149.npy,128->256,cluster_2
data/raw/train/NoisyLR/003150.npy,data/raw/train/GT/003150.npy,128->256,cluster_2
data/raw/train/NoisyLR/003151.npy,data/raw/train/GT/003151.npy,128->256,cluster_2
data/raw/train/NoisyLR/003152.npy,data/raw/train/GT/003152.npy,128->256,cluster_1
data/raw/train/NoisyLR/003153.npy,data/raw/train/GT/003153.npy,128->256,cluster_0
data/raw/train/NoisyLR/003154.npy,data/raw/train/GT/003154.npy,128->256,cluster_0
data/raw/train/NoisyLR/003155.npy,data/raw/train/GT/003155.npy,128->256,cluster_0
data/raw/train/NoisyLR/003156.npy,data/raw/train/GT/003156.npy,128->256,cluster_0
data/raw/train/NoisyLR/003158.npy,data/raw/train/GT/003158.npy,128->256,cluster_2
data/raw/train/NoisyLR/003159.npy,data/raw/train/GT/003159.npy,128->256,cluster_2
data/raw/train/NoisyLR/003160.npy,data/raw/train/GT/003160.npy,128->256,cluster_2
data/raw/train/NoisyLR/003161.npy,data/raw/train/GT/003161.npy,128->256,cluster_1
data/raw/train/NoisyLR/003162.npy,data/raw/train/GT/003162.npy,128->256,cluster_1
data/raw/train/NoisyLR/003163.npy,data/raw/train/GT/003163.npy,128->256,cluster_1
data/raw/train/NoisyLR/003164.npy,data/raw/train/GT/003164.npy,128->256,cluster_2
data/raw/train/NoisyLR/003165.npy,data/raw/train/GT/003165.npy,128->256,cluster_2
data/raw/train/NoisyLR/003166.npy,data/raw/train/GT/003166.npy,128->256,cluster_2
data/raw/train/NoisyLR/003167.npy,data/raw/train/GT/003167.npy,128->256,cluster_2
data/raw/train/NoisyLR/003168.npy,data/raw/train/GT/003168.npy,128->256,cluster_2
data/raw/train/NoisyLR/003169.npy,data/raw/train/GT/003169.npy,128->256,cluster_0
data/raw/train/NoisyLR/003170.npy,data/raw/train/GT/003170.npy,128->256,cluster_0
data/raw/train/NoisyLR/003171.npy,data/raw/train/GT/003171.npy,128->256,cluster_0
data/raw/train/NoisyLR/003172.npy,data/raw/train/GT/003172.npy,128->256,cluster_1
data/raw/train/NoisyLR/003173.npy,data/raw/train/GT/003173.npy,128->256,cluster_1
data/raw/train/NoisyLR/003174.npy,data/raw/train/GT/003174.npy,128->256,cluster_0
data/raw/train/NoisyLR/003175.npy,data/raw/train/GT/003175.npy,128->256,cluster_0
data/raw/train/NoisyLR/003176.npy,data/raw/train/GT/003176.npy,128->256,cluster_0
data/raw/train/NoisyLR/003177.npy,data/raw/train/GT/003177.npy,128->256,cluster_2
data/raw/train/NoisyLR/003178.npy,data/raw/train/GT/003178.npy,128->256,cluster_2
data/raw/train/NoisyLR/003179.npy,data/raw/train/GT/003179.npy,128->256,cluster_2
data/raw/train/NoisyLR/003181.npy,data/raw/train/GT/003181.npy,128->256,cluster_1
data/raw/train/NoisyLR/003182.npy,data/raw/train/GT/003182.npy,128->256,cluster_1
data/raw/train/NoisyLR/003183.npy,data/raw/train/GT/003183.npy,128->256,cluster_1
data/raw/train/NoisyLR/003184.npy,data/raw/train/GT/003184.npy,128->256,cluster_2
data/raw/train/NoisyLR/003185.npy,data/raw/train/GT/003185.npy,128->256,cluster_0
data/raw/train/NoisyLR/003186.npy,data/raw/train/GT/003186.npy,128->256,cluster_0
data/raw/train/NoisyLR/003187.npy,data/raw/train/GT/003187.npy,128->256,cluster_0
data/raw/train/NoisyLR/003188.npy,data/raw/train/GT/003188.npy,128->256,cluster_1
data/raw/train/NoisyLR/003189.npy,data/raw/train/GT/003189.npy,128->256,cluster_1
data/raw/train/NoisyLR/003190.npy,data/raw/train/GT/003190.npy,128->256,cluster_1
data/raw/train/NoisyLR/003191.npy,data/raw/train/GT/003191.npy,128->256,cluster_1
data/raw/train/NoisyLR/003192.npy,data/raw/train/GT/003192.npy,128->256,cluster_0
data/raw/train/NoisyLR/003194.npy,data/raw/train/GT/003194.npy,128->256,cluster_2
data/raw/train/NoisyLR/003196.npy,data/raw/train/GT/003196.npy,128->256,cluster_2
data/raw/train/NoisyLR/003197.npy,data/raw/train/GT/003197.npy,128->256,cluster_0
data/raw/train/NoisyLR/003198.npy,data/raw/train/GT/003198.npy,128->256,cluster_0
data/raw/train/NoisyLR/003199.npy,data/raw/train/GT/003199.npy,128->256,cluster_0
